"zip","lat","lng","city","state_id","state_name","zcta","parent_zcta","population","density","county_fips","county_name","county_weights","county_names_all","county_fips_all","imprecise","military","timezone"
"38961","33.96463","-89.8859","Tillatoba","MS","Mississippi","TRUE","","789","4.2","28161","Yalobusha","{""28161"": 68.48, ""28135"": 31.52}","Yalobusha|Tallahatchie","28161|28135","FALSE","FALSE","America/Chicago"
"38962","33.87201","-90.18465","Tippo","MS","Mississippi","TRUE","","0","0.0","28135","Tallahatchie","{""28135"": 100}","Tallahatchie","28135","FALSE","FALSE","America/Chicago"
"38963","34.00442","-90.40598","Tutwiler","MS","Mississippi","TRUE","","3924","8.7","28135","Tallahatchie","{""28135"": 62.93, ""28027"": 19.73, ""28133"": 17.34}","Tallahatchie|Coahoma|Sunflower","28135|28027|28133","FALSE","FALSE","America/Chicago"
"38964","34.11035","-90.38868","Vance","MS","Mississippi","TRUE","","80","1.0","28119","Quitman","{""28119"": 88.19, ""28135"": 11.81}","Quitman|Tallahatchie","28119|28135","FALSE","FALSE","America/Chicago"
"38965","34.13486","-89.59257","Water Valley","MS","Mississippi","TRUE","","9022","13.8","28161","Yalobusha","{""28161"": 58.72, ""28071"": 21.43, ""28013"": 15.77, ""28107"": 4.08}","Yalobusha|Lafayette|Calhoun|Panola","28161|28071|28013|28107","FALSE","FALSE","America/Chicago"
"38966","33.9202","-90.31828","Webb","MS","Mississippi","TRUE","","542","8.5","28135","Tallahatchie","{""28135"": 100}","Tallahatchie","28135","FALSE","FALSE","America/Chicago"
"38967","33.45832","-89.72026","Winona","MS","Mississippi","TRUE","","7123","16.1","28097","Montgomery","{""28097"": 61.21, ""28015"": 38.79}","Montgomery|Carroll","28097|28015","FALSE","FALSE","America/Chicago"
"39038","33.20179","-90.47023","Belzoni","MS","Mississippi","TRUE","","5580","8.8","28053","Humphreys","{""28053"": 73.07, ""28083"": 22.46, ""28051"": 2.82, ""28133"": 1.65}","Humphreys|Leflore|Holmes|Sunflower","28053|28083|28051|28133","FALSE","FALSE","America/Chicago"
"39039","32.82216","-90.22757","Benton","MS","Mississippi","TRUE","","3143","8.5","28163","Yazoo","{""28163"": 100}","Yazoo","28163","FALSE","FALSE","America/Chicago"
"39040","32.63907","-90.41314","Bentonia","MS","Mississippi","TRUE","","3710","8.2","28163","Yazoo","{""28163"": 100}","Yazoo","28163","FALSE","FALSE","America/Chicago"
"39041","32.41757","-90.47273","Bolton","MS","Mississippi","TRUE","","3452","10.8","28049","Hinds","{""28049"": 99.58, ""28089"": 0.42}","Hinds|Madison","28049|28089","FALSE","FALSE","America/Chicago"
"39042","32.2135","-89.88966","Brandon","MS","Mississippi","TRUE","","37515","67.6","28121","Rankin","{""28121"": 98.73, ""28129"": 1.27}","Rankin|Smith","28121|28129","FALSE","FALSE","America/Chicago"
"39044","32.02869","-89.97161","Braxton","MS","Mississippi","TRUE","","3030","8.4","28127","Simpson","{""28127"": 59.26, ""28121"": 40.74}","Simpson|Rankin","28127|28121","FALSE","FALSE","America/Chicago"
"39045","32.78735","-89.8173","Camden","MS","Mississippi","TRUE","","1779","6.2","28089","Madison","{""28089"": 100}","Madison","28089","FALSE","FALSE","America/Chicago"
"39046","32.62834","-89.99634","Canton","MS","Mississippi","TRUE","","28747","35.6","28089","Madison","{""28089"": 99.85, ""28163"": 0.15}","Madison|Yazoo","28089|28163","FALSE","FALSE","America/Chicago"
"39047","32.43356","-89.95011","Brandon","MS","Mississippi","TRUE","","39931","159.0","28121","Rankin","{""28121"": 100}","Rankin","28121","FALSE","FALSE","America/Chicago"
"39051","32.7868","-89.50718","Carthage","MS","Mississippi","TRUE","","15710","14.1","28079","Leake","{""28079"": 90.9, ""28099"": 5.43, ""28089"": 2.25, ""28007"": 1.42}","Leake|Neshoba|Madison|Attala","28079|28099|28089|28007","FALSE","FALSE","America/Chicago"
"39054","32.79855","-90.93525","Cary","MS","Mississippi","TRUE","","417","12.0","28125","Sharkey","{""28125"": 100}","Sharkey","28125","FALSE","FALSE","America/Chicago"
"39056","32.37384","-90.35083","Clinton","MS","Mississippi","TRUE","","28330","201.7","28049","Hinds","{""28049"": 100}","Hinds","28049","FALSE","FALSE","America/Chicago"
"39057","32.49268","-89.28381","Conehatta","MS","Mississippi","TRUE","","2197","13.6","28101","Newton","{""28101"": 87.49, ""28123"": 12.51}","Newton|Scott","28101|28123","FALSE","FALSE","America/Chicago"
"39058","32.33571","-90.33143","Clinton","MS","Mississippi","TRUE","","69","186.2","28049","Hinds","{""28049"": 100}","Hinds","28049","FALSE","FALSE","America/Chicago"
"39059","31.98194","-90.35141","Crystal Springs","MS","Mississippi","TRUE","","11893","30.3","28029","Copiah","{""28029"": 94.56, ""28049"": 5.44}","Copiah|Hinds","28029|28049","FALSE","FALSE","America/Chicago"
"39061","33.08597","-90.80324","Delta City","MS","Mississippi","TRUE","","0","0.0","28125","Sharkey","{""28125"": 100}","Sharkey","28125","FALSE","FALSE","America/Chicago"
"39062","31.98479","-89.89815","D Lo","MS","Mississippi","TRUE","","520","141.5","28127","Simpson","{""28127"": 100}","Simpson","28127","FALSE","FALSE","America/Chicago"
"39063","33.11698","-89.89975","Durant","MS","Mississippi","TRUE","","3498","13.6","28051","Holmes","{""28051"": 100}","Holmes","28051","FALSE","FALSE","America/Chicago"
"39066","32.30188","-90.60502","Edwards","MS","Mississippi","TRUE","","5095","13.1","28049","Hinds","{""28049"": 100}","Hinds","28049","FALSE","FALSE","America/Chicago"
"39067","33.11574","-89.44853","Ethel","MS","Mississippi","TRUE","","1145","4.3","28007","Attala","{""28007"": 100}","Attala","28007","FALSE","FALSE","America/Chicago"
"39069","31.6836","-91.04038","Fayette","MS","Mississippi","TRUE","","4920","10.7","28063","Jefferson","{""28063"": 97.02, ""28037"": 2.98}","Jefferson|Franklin","28063|28037","FALSE","FALSE","America/Chicago"
"39071","32.54887","-90.3185","Flora","MS","Mississippi","TRUE","","6777","23.9","28089","Madison","{""28089"": 99.1, ""28049"": 0.9}","Madison|Hinds","28089|28049","FALSE","FALSE","America/Chicago"
"39073","32.10269","-90.13049","Florence","MS","Mississippi","TRUE","","21347","51.2","28121","Rankin","{""28121"": 78.02, ""28127"": 21.98}","Rankin|Simpson","28121|28127","FALSE","FALSE","America/Chicago"
"39074","32.3872","-89.47398","Forest","MS","Mississippi","TRUE","","13623","19.0","28123","Scott","{""28123"": 83.23, ""28129"": 16.77}","Scott|Smith","28123|28129","FALSE","FALSE","America/Chicago"
"39078","31.87901","-90.19596","Georgetown","MS","Mississippi","TRUE","","921","9.0","28029","Copiah","{""28029"": 99.52, ""28127"": 0.48}","Copiah|Simpson","28029|28127","FALSE","FALSE","America/Chicago"
"39079","32.93178","-89.88449","Goodman","MS","Mississippi","TRUE","","1647","8.1","28007","Attala","{""28007"": 53.9, ""28051"": 36.98, ""28089"": 9.12}","Attala|Holmes|Madison","28007|28051|28089","FALSE","FALSE","America/Chicago"
"39082","31.94663","-90.12369","Harrisville","MS","Mississippi","TRUE","","761","4.8","28127","Simpson","{""28127"": 100}","Simpson","28127","FALSE","FALSE","America/Chicago"
"39083","31.83467","-90.46997","Hazlehurst","MS","Mississippi","TRUE","","9547","11.5","28029","Copiah","{""28029"": 98.3, ""28085"": 1.7}","Copiah|Lincoln","28029|28085","FALSE","FALSE","America/Chicago"
"39086","31.96275","-90.75964","Hermanville","MS","Mississippi","TRUE","","1603","3.4","28021","Claiborne","{""28021"": 65.61, ""28029"": 34.39}","Claiborne|Copiah","28021|28029","FALSE","FALSE","America/Chicago"
"39088","32.73287","-90.7545","Holly Bluff","MS","Mississippi","TRUE","","39","0.3","28125","Sharkey","{""28125"": 100}","Sharkey","28125","FALSE","FALSE","America/Chicago"
"39090","33.00775","-89.54503","Kosciusko","MS","Mississippi","TRUE","","12653","18.6","28007","Attala","{""28007"": 84.11, ""28079"": 15.53, ""28159"": 0.36}","Attala|Leake|Winston","28007|28079|28159","FALSE","FALSE","America/Chicago"
"39092","32.31489","-89.36833","Lake","MS","Mississippi","TRUE","","3695","14.2","28123","Scott","{""28123"": 79.83, ""28101"": 14.19, ""28129"": 5.98}","Scott|Newton|Smith","28123|28101|28129","FALSE","FALSE","America/Chicago"
"39094","32.57497","-89.67591","Lena","MS","Mississippi","TRUE","","3657","8.2","28079","Leake","{""28079"": 43.09, ""28123"": 37.9, ""28121"": 19.02}","Leake|Scott|Rankin","28079|28123|28121","FALSE","FALSE","America/Chicago"
"39095","33.11929","-90.09452","Lexington","MS","Mississippi","TRUE","","5594","6.1","28051","Holmes","{""28051"": 91.85, ""28015"": 5.66, ""28163"": 2.49}","Holmes|Carroll|Yazoo","28051|28015|28163","FALSE","FALSE","America/Chicago"
"39096","31.82508","-91.11672","Lorman","MS","Mississippi","TRUE","","2181","4.3","28063","Jefferson","{""28063"": 81.76, ""28021"": 18.24}","Jefferson|Claiborne","28063|28021","FALSE","FALSE","America/Chicago"
"39097","32.99105","-90.59478","Louise","MS","Mississippi","TRUE","","273","1.8","28053","Humphreys","{""28053"": 100}","Humphreys","28053","FALSE","FALSE","America/Chicago"
"39108","33.15684","-89.33033","McCool","MS","Mississippi","TRUE","","1572","3.1","28007","Attala","{""28007"": 49.57, ""28019"": 27.74, ""28159"": 22.68}","Attala|Choctaw|Winston","28007|28019|28159","FALSE","FALSE","America/Chicago"
"39110","32.50325","-90.13791","Madison","MS","Mississippi","TRUE","","44451","230.9","28089","Madison","{""28089"": 100}","Madison","28089","FALSE","FALSE","America/Chicago"
"39111","31.89536","-89.71816","Magee","MS","Mississippi","TRUE","","9246","25.2","28127","Simpson","{""28127"": 78.99, ""28129"": 21.01}","Simpson|Smith","28127|28129","FALSE","FALSE","America/Chicago"
"39113","32.82707","-91.06476","Mayersville","MS","Mississippi","TRUE","","193","2.7","28055","Issaquena","{""28055"": 100}","Issaquena","28055","FALSE","FALSE","America/Chicago"
"39114","31.95331","-89.83257","Mendenhall","MS","Mississippi","TRUE","","9936","20.1","28127","Simpson","{""28127"": 88.2, ""28121"": 11.8}","Simpson|Rankin","28127|28121","FALSE","FALSE","America/Chicago"
"39115","33.04679","-90.56133","Midnight","MS","Mississippi","TRUE","","129","10.5","28053","Humphreys","{""28053"": 100}","Humphreys","28053","FALSE","FALSE","America/Chicago"
"39116","31.89165","-89.54925","Mize","MS","Mississippi","TRUE","","2506","11.3","28129","Smith","{""28129"": 100}","Smith","28129","FALSE","FALSE","America/Chicago"
"39117","32.31096","-89.66413","Morton","MS","Mississippi","TRUE","","10747","16.5","28123","Scott","{""28123"": 70.36, ""28129"": 25.82, ""28121"": 3.82}","Scott|Smith|Rankin","28123|28129|28121","FALSE","FALSE","America/Chicago"
"39119","31.75236","-89.67509","Mount Olive","MS","Mississippi","TRUE","","6148","16.1","28031","Covington","{""28031"": 55.97, ""28129"": 15.85, ""28065"": 15.68, ""28127"": 12.5}","Covington|Smith|Jefferson Davis|Simpson","28031|28129|28065|28127","FALSE","FALSE","America/Chicago"
"39120","31.51148","-91.35206","Natchez","MS","Mississippi","TRUE","","30075","24.0","28001","Adams","{""28001"": 87.49, ""28063"": 12.51}","Adams|Jefferson","28001|28063","FALSE","FALSE","America/Chicago"
"39140","31.75211","-90.00512","Newhebron","MS","Mississippi","TRUE","","2397","9.6","28065","Jefferson Davis","{""28065"": 36.45, ""28127"": 32.04, ""28077"": 31.5}","Jefferson Davis|Simpson|Lawrence","28065|28127|28077","FALSE","FALSE","America/Chicago"
"39144","31.82971","-90.80155","Pattison","MS","Mississippi","TRUE","","705","2.4","28021","Claiborne","{""28021"": 61.13, ""28063"": 21.37, ""28029"": 17.5}","Claiborne|Jefferson|Copiah","28021|28063|28029","FALSE","FALSE","America/Chicago"
"39145","32.33862","-89.79819","Pelahatchie","MS","Mississippi","TRUE","","5170","15.4","28121","Rankin","{""28121"": 97.99, ""28123"": 2.01}","Rankin|Scott","28121|28123","FALSE","FALSE","America/Chicago"
"39146","32.88078","-89.99316","Pickens","MS","Mississippi","TRUE","","3428","9.7","28089","Madison","{""28089"": 42.62, ""28051"": 40.22, ""28163"": 17.15}","Madison|Holmes|Yazoo","28089|28051|28163","FALSE","FALSE","America/Chicago"
"39148","32.06159","-89.99459","Piney Woods","MS","Mississippi","TRUE","","21","349.8","28121","Rankin","{""28121"": 100}","Rankin","28121","FALSE","FALSE","America/Chicago"
"39149","31.83354","-90.00985","Pinola","MS","Mississippi","TRUE","","1509","7.3","28127","Simpson","{""28127"": 100}","Simpson","28127","FALSE","FALSE","America/Chicago"
"39150","31.99264","-90.98487","Port Gibson","MS","Mississippi","TRUE","","5675","9.7","28021","Claiborne","{""28021"": 100}","Claiborne","28021","FALSE","FALSE","America/Chicago"
"39152","32.2011","-89.57779","Pulaski","MS","Mississippi","TRUE","","984","5.3","28129","Smith","{""28129"": 65.01, ""28123"": 34.99}","Smith|Scott","28129|28123","FALSE","FALSE","America/Chicago"
"39153","32.05133","-89.50159","Raleigh","MS","Mississippi","TRUE","","2623","6.7","28129","Smith","{""28129"": 100}","Smith","28129","FALSE","FALSE","America/Chicago"
"39154","32.22695","-90.44762","Raymond","MS","Mississippi","TRUE","","9929","32.7","28049","Hinds","{""28049"": 100}","Hinds","28049","FALSE","FALSE","America/Chicago"
"39156","32.53901","-90.77056","Redwood","MS","Mississippi","TRUE","","590","3.8","28149","Warren","{""28149"": 100}","Warren","28149","FALSE","FALSE","America/Chicago"
"39157","32.42537","-90.16685","Ridgeland","MS","Mississippi","TRUE","","25022","321.8","28089","Madison","{""28089"": 100}","Madison","28089","FALSE","FALSE","America/Chicago"
"39159","32.82894","-90.92476","Rolling Fork","MS","Mississippi","TRUE","","3259","3.3","28125","Sharkey","{""28125"": 55.43, ""28055"": 44.57}","Sharkey|Issaquena","28125|28055","FALSE","FALSE","America/Chicago"
"39160","32.99756","-89.75336","Sallis","MS","Mississippi","TRUE","","2843","7.8","28007","Attala","{""28007"": 91.73, ""28079"": 8.27}","Attala|Leake","28007|28079","FALSE","FALSE","America/Chicago"
"39162","32.62627","-90.63395","Satartia","MS","Mississippi","TRUE","","199","1.5","28163","Yazoo","{""28163"": 100}","Yazoo","28163","FALSE","FALSE","America/Chicago"
"39166","33.05161","-90.48208","Silver City","MS","Mississippi","TRUE","","662","4.5","28053","Humphreys","{""28053"": 100}","Humphreys","28053","FALSE","FALSE","America/Chicago"
"39167","32.09316","-90.04003","Star","MS","Mississippi","TRUE","","0","0.0","28121","Rankin","{""28121"": 100}","Rankin","28121","FALSE","FALSE","America/Chicago"
"39168","31.82994","-89.40974","Taylorsville","MS","Mississippi","TRUE","","5737","14.8","28129","Smith","{""28129"": 64.53, ""28067"": 19.84, ""28031"": 15.63}","Smith|Jones|Covington","28129|28067|28031","FALSE","FALSE","America/Chicago"
"39169","33.13515","-90.29371","Tchula","MS","Mississippi","TRUE","","3189","10.1","28051","Holmes","{""28051"": 100}","Holmes","28051","FALSE","FALSE","America/Chicago"
"39170","32.11182","-90.3377","Terry","MS","Mississippi","TRUE","","9216","36.7","28049","Hinds","{""28049"": 97.81, ""28029"": 2.19}","Hinds|Copiah","28049|28029","FALSE","FALSE","America/Chicago"
"39173","32.74247","-90.47219","Tinsley","MS","Mississippi","TRUE","","0","0.0","28163","Yazoo","{""28163"": 100}","Yazoo","28163","FALSE","FALSE","America/Chicago"
"39174","32.4009","-90.16018","Tougaloo","MS","Mississippi","TRUE","","599","943.3","28089","Madison","{""28089"": 60.45, ""28049"": 39.55}","Madison|Hinds","28089|28049","FALSE","FALSE","America/Chicago"
"39175","32.09238","-90.62097","Utica","MS","Mississippi","TRUE","","3492","5.7","28049","Hinds","{""28049"": 58.83, ""28029"": 25.57, ""28021"": 15.6}","Hinds|Copiah|Claiborne","28049|28029|28021","FALSE","FALSE","America/Chicago"
"39176","33.30398","-89.74859","Vaiden","MS","Mississippi","TRUE","","2268","6.5","28015","Carroll","{""28015"": 68.61, ""28007"": 20.95, ""28097"": 10.44}","Carroll|Attala|Montgomery","28015|28007|28097","FALSE","FALSE","America/Chicago"
"39177","32.61286","-90.84546","Valley Park","MS","Mississippi","TRUE","","85","0.3","28055","Issaquena","{""28055"": 100}","Issaquena","28055","FALSE","FALSE","America/Chicago"
"39179","32.80873","-90.0984","Vaughan","MS","Mississippi","TRUE","","1456","6.3","28163","Yazoo","{""28163"": 100}","Yazoo","28163","FALSE","FALSE","America/Chicago"
"39180","32.223","-90.90225","Vicksburg","MS","Mississippi","TRUE","","31324","46.3","28149","Warren","{""28149"": 100}","Warren","28149","FALSE","FALSE","America/Chicago"
"39183","32.4554","-90.83307","Vicksburg","MS","Mississippi","TRUE","","13227","16.6","28149","Warren","{""28149"": 86.63, ""28055"": 13.37}","Warren|Issaquena","28149|28055","FALSE","FALSE","America/Chicago"
"39189","32.60412","-89.4003","Walnut Grove","MS","Mississippi","TRUE","","3413","17.2","28079","Leake","{""28079"": 74.36, ""28123"": 25.64}","Leake|Scott","28079|28123","FALSE","FALSE","America/Chicago"
"39191","31.71492","-90.40764","Wesson","MS","Mississippi","TRUE","","8042","14.1","28029","Copiah","{""28029"": 60.36, ""28085"": 38.08, ""28077"": 1.56}","Copiah|Lincoln|Lawrence","28029|28085|28077","FALSE","FALSE","America/Chicago"
"39192","33.19153","-89.75324","West","MS","Mississippi","TRUE","","1915","5.1","28007","Attala","{""28007"": 57.22, ""28051"": 29.55, ""28015"": 13.23}","Attala|Holmes|Carroll","28007|28051|28015","FALSE","FALSE","America/Chicago"
"39193","32.23625","-90.07681","Whitfield","MS","Mississippi","TRUE","","847","178.9","28121","Rankin","{""28121"": 100}","Rankin","28121","FALSE","FALSE","America/Chicago"
"39194","32.83423","-90.49856","Yazoo City","MS","Mississippi","TRUE","","19284","16.4","28163","Yazoo","{""28163"": 94.48, ""28053"": 5.52}","Yazoo|Humphreys","28163|28053","FALSE","FALSE","America/Chicago"
"39201","32.28981","-90.18398","Jackson","MS","Mississippi","TRUE","","697","129.6","28049","Hinds","{""28049"": 100}","Hinds","28049","FALSE","FALSE","America/Chicago"
"39202","32.31105","-90.16956","Jackson","MS","Mississippi","TRUE","","6790","676.5","28049","Hinds","{""28049"": 100}","Hinds","28049","FALSE","FALSE","America/Chicago"
"39203","32.30928","-90.20042","Jackson","MS","Mississippi","TRUE","","5057","861.6","28049","Hinds","{""28049"": 100}","Hinds","28049","FALSE","FALSE","America/Chicago"
"39204","32.28313","-90.23689","Jackson","MS","Mississippi","TRUE","","14713","602.5","28049","Hinds","{""28049"": 100}","Hinds","28049","FALSE","FALSE","America/Chicago"
"39206","32.37237","-90.17268","Jackson","MS","Mississippi","TRUE","","22763","993.6","28049","Hinds","{""28049"": 100}","Hinds","28049","FALSE","FALSE","America/Chicago"
"39208","32.25827","-90.08908","Pearl","MS","Mississippi","TRUE","","33765","272.6","28121","Rankin","{""28121"": 100}","Rankin","28121","FALSE","FALSE","America/Chicago"
"39209","32.39498","-90.30168","Jackson","MS","Mississippi","TRUE","","26796","166.0","28049","Hinds","{""28049"": 96.79, ""28089"": 3.21}","Hinds|Madison","28049|28089","FALSE","FALSE","America/Chicago"
"39210","32.32255","-90.17997","Jackson","MS","Mississippi","TRUE","","625","1636.6","28049","Hinds","{""28049"": 100}","Hinds","28049","FALSE","FALSE","America/Chicago"
"39211","32.37176","-90.12219","Jackson","MS","Mississippi","TRUE","","23051","722.9","28049","Hinds","{""28049"": 100}","Hinds","28049","FALSE","FALSE","America/Chicago"
"39212","32.24081","-90.26174","Jackson","MS","Mississippi","TRUE","","30662","399.9","28049","Hinds","{""28049"": 100}","Hinds","28049","FALSE","FALSE","America/Chicago"
"39213","32.39384","-90.23007","Jackson","MS","Mississippi","TRUE","","20774","283.6","28049","Hinds","{""28049"": 97.01, ""28089"": 2.99}","Hinds|Madison","28049|28089","FALSE","FALSE","America/Chicago"
"39216","32.33463","-90.1606","Jackson","MS","Mississippi","TRUE","","3401","423.4","28049","Hinds","{""28049"": 100}","Hinds","28049","FALSE","FALSE","America/Chicago"
"39217","32.29754","-90.20963","Jackson","MS","Mississippi","TRUE","","2210","4564.7","28049","Hinds","{""28049"": 100}","Hinds","28049","FALSE","FALSE","America/Chicago"
"39218","32.22825","-90.15857","Richland","MS","Mississippi","TRUE","","6902","150.3","28121","Rankin","{""28121"": 100}","Rankin","28121","FALSE","FALSE","America/Chicago"
"39232","32.3361","-90.08693","Flowood","MS","Mississippi","TRUE","","9097","137.3","28121","Rankin","{""28121"": 100}","Rankin","28121","FALSE","FALSE","America/Chicago"
"39269","32.30114","-90.1889","Jackson","MS","Mississippi","TRUE","","0","0.0","28049","Hinds","{""28049"": 100}","Hinds","28049","FALSE","FALSE","America/Chicago"
"39272","32.18838","-90.26335","Byram","MS","Mississippi","TRUE","","14367","236.0","28049","Hinds","{""28049"": 100}","Hinds","28049","FALSE","FALSE","America/Chicago"
"39301","32.27289","-88.59226","Meridian","MS","Mississippi","TRUE","","24129","35.7","28075","Lauderdale","{""28075"": 68.91, ""28023"": 31.09}","Lauderdale|Clarke","28075|28023","FALSE","FALSE","America/Chicago"
"39305","32.46392","-88.72465","Meridian","MS","Mississippi","TRUE","","20860","81.3","28075","Lauderdale","{""28075"": 100}","Lauderdale","28075","FALSE","FALSE","America/Chicago"
"39307","32.33847","-88.79217","Meridian","MS","Mississippi","TRUE","","16365","69.7","28075","Lauderdale","{""28075"": 100}","Lauderdale","28075","FALSE","FALSE","America/Chicago"
"39309","32.55417","-88.57422","Meridian","MS","Mississippi","TRUE","","358","14.4","28075","Lauderdale","{""28075"": 100}","Lauderdale","28075","FALSE","FALSE","America/Chicago"
"39320","32.56169","-88.74507","Bailey","MS","Mississippi","TRUE","","1894","15.6","28075","Lauderdale","{""28075"": 57.74, ""28069"": 42.26}","Lauderdale|Kemper","28075|28069","FALSE","FALSE","America/Chicago"
"39322","31.58344","-88.53203","Buckatunna","MS","Mississippi","TRUE","","1775","9.3","28153","Wayne","{""28153"": 100}","Wayne","28153","FALSE","FALSE","America/Chicago"
"39323","32.34971","-88.92624","Chunky","MS","Mississippi","TRUE","","1320","8.6","28101","Newton","{""28101"": 66.36, ""28075"": 33.64}","Newton|Lauderdale","28101|28075","FALSE","FALSE","America/Chicago"
"39324","31.58032","-88.69755","Clara","MS","Mississippi","TRUE","","0","0.0","28153","Wayne","{""28153"": 100}","Wayne","28153","FALSE","FALSE","America/Chicago"
"39325","32.56198","-88.87362","Collinsville","MS","Mississippi","TRUE","","5995","21.7","28075","Lauderdale","{""28075"": 56.02, ""28069"": 29.81, ""28099"": 10.15, ""28101"": 4.02}","Lauderdale|Kemper|Neshoba|Newton","28075|28069|28099|28101","FALSE","FALSE","America/Chicago"
"39326","32.59814","-88.67904","Daleville","MS","Mississippi","TRUE","","251","2.5","28069","Kemper","{""28069"": 72.94, ""28075"": 27.06}","Kemper|Lauderdale","28069|28075","FALSE","FALSE","America/Chicago"
"39327","32.44563","-89.12173","Decatur","MS","Mississippi","TRUE","","4078","15.0","28101","Newton","{""28101"": 100}","Newton","28101","FALSE","FALSE","America/Chicago"
"39328","32.75012","-88.69564","De Kalb","MS","Mississippi","TRUE","","4865","6.0","28069","Kemper","{""28069"": 100}","Kemper","28069","FALSE","FALSE","America/Chicago"
"39330","32.19385","-88.85689","Enterprise","MS","Mississippi","TRUE","","2747","8.3","28023","Clarke","{""28023"": 58.06, ""28075"": 28.66, ""28061"": 8.81, ""28101"": 4.47}","Clarke|Lauderdale|Jasper|Newton","28023|28075|28061|28101","FALSE","FALSE","America/Chicago"
"39332","32.30399","-89.0046","Hickory","MS","Mississippi","TRUE","","2199","13.3","28101","Newton","{""28101"": 90.18, ""28061"": 9.82}","Newton|Jasper","28101|28061","FALSE","FALSE","America/Chicago"
"39335","32.53214","-88.49263","Lauderdale","MS","Mississippi","TRUE","","1699","6.5","28075","Lauderdale","{""28075"": 85.42, ""28069"": 14.58}","Lauderdale|Kemper","28075|28069","FALSE","FALSE","America/Chicago"
"39336","32.29081","-89.27253","Lawrence","MS","Mississippi","TRUE","","1005","5.5","28101","Newton","{""28101"": 86.86, ""28061"": 8.6, ""28129"": 4.54}","Newton|Jasper|Smith","28101|28061|28129","FALSE","FALSE","America/Chicago"
"39337","32.51447","-88.98528","Little Rock","MS","Mississippi","TRUE","","1649","9.4","28101","Newton","{""28101"": 94.14, ""28099"": 5.86}","Newton|Neshoba","28101|28099","FALSE","FALSE","America/Chicago"
"39338","32.11034","-89.23274","Louin","MS","Mississippi","TRUE","","3539","6.5","28061","Jasper","{""28061"": 81.72, ""28129"": 18.28}","Jasper|Smith","28061|28129","FALSE","FALSE","America/Chicago"
"39339","33.10417","-89.00259","Louisville","MS","Mississippi","TRUE","","14278","14.1","28159","Winston","{""28159"": 100}","Winston","28159","FALSE","FALSE","America/Chicago"
"39341","33.0998","-88.55702","Macon","MS","Mississippi","TRUE","","6413","6.5","28103","Noxubee","{""28103"": 96.32, ""28159"": 3.68}","Noxubee|Winston","28103|28159","FALSE","FALSE","America/Chicago"
"39342","32.42566","-88.64968","Marion","MS","Mississippi","TRUE","","1882","234.8","28075","Lauderdale","{""28075"": 100}","Lauderdale","28075","FALSE","FALSE","America/Chicago"
"39345","32.28717","-89.12974","Newton","MS","Mississippi","TRUE","","5851","16.0","28101","Newton","{""28101"": 83.58, ""28061"": 16.42}","Newton|Jasper","28101|28061","FALSE","FALSE","America/Chicago"
"39346","32.96171","-89.089","Noxapater","MS","Mississippi","TRUE","","2084","10.2","28159","Winston","{""28159"": 85.81, ""28099"": 14.19}","Winston|Neshoba","28159|28099","FALSE","FALSE","America/Chicago"
"39347","32.05507","-88.93419","Pachuta","MS","Mississippi","TRUE","","1254","6.2","28061","Jasper","{""28061"": 65.14, ""28023"": 34.86}","Jasper|Clarke","28061|28023","FALSE","FALSE","America/Chicago"
"39348","32.00007","-89.03475","Paulding","MS","Mississippi","TRUE","","548","5.4","28061","Jasper","{""28061"": 100}","Jasper","28061","FALSE","FALSE","America/Chicago"
"39350","32.79674","-89.12984","Philadelphia","MS","Mississippi","TRUE","","24842","23.2","28099","Neshoba","{""28099"": 90.54, ""28159"": 5.82, ""28069"": 1.98, ""28079"": 1.66}","Neshoba|Winston|Kemper|Leake","28099|28159|28069|28079","FALSE","FALSE","America/Chicago"
"39352","32.66834","-88.47808","Porterville","MS","Mississippi","TRUE","","447","2.0","28069","Kemper","{""28069"": 100}","Kemper","28069","FALSE","FALSE","America/Chicago"
"39354","32.87945","-88.83625","Preston","MS","Mississippi","TRUE","","2436","7.7","28069","Kemper","{""28069"": 72.38, ""28159"": 11.87, ""28103"": 7.95, ""28099"": 7.8}","Kemper|Winston|Noxubee|Neshoba","28069|28159|28103|28099","FALSE","FALSE","America/Chicago"
"39355","32.05808","-88.61965","Quitman","MS","Mississippi","TRUE","","5753","8.0","28023","Clarke","{""28023"": 100}","Clarke","28023","FALSE","FALSE","America/Chicago"
"39356","32.13632","-89.0283","Rose Hill","MS","Mississippi","TRUE","","539","3.2","28061","Jasper","{""28061"": 100}","Jasper","28061","FALSE","FALSE","America/Chicago"
"39358","32.83317","-88.45605","Scooba","MS","Mississippi","TRUE","","1191","2.6","28069","Kemper","{""28069"": 96.25, ""28103"": 3.75}","Kemper|Noxubee","28069|28103","FALSE","FALSE","America/Chicago"
"39359","32.56852","-89.33206","Sebastopol","MS","Mississippi","TRUE","","258","88.8","28123","Scott","{""28123"": 100}","Scott","28123","FALSE","FALSE","America/Chicago"
"39360","31.86357","-88.7409","Shubuta","MS","Mississippi","TRUE","","3685","6.4","28023","Clarke","{""28023"": 61.57, ""28153"": 38.43}","Clarke|Wayne","28023|28153","FALSE","FALSE","America/Chicago"
"39361","32.97952","-88.61234","Shuqualak","MS","Mississippi","TRUE","","1186","3.5","28103","Noxubee","{""28103"": 99.85, ""28069"": 0.15}","Noxubee|Kemper","28103|28069","FALSE","FALSE","America/Chicago"
"39362","31.39326","-88.53988","State Line","MS","Mississippi","TRUE","","3610","7.2","28041","Greene","{""28041"": 64.81, ""28153"": 35.19}","Greene|Wayne","28041|28153","FALSE","FALSE","America/Chicago"
"39363","32.11918","-88.77628","Stonewall","MS","Mississippi","TRUE","","1422","23.6","28023","Clarke","{""28023"": 100}","Clarke","28023","FALSE","FALSE","America/Chicago"
"39364","32.40597","-88.49617","Toomsuba","MS","Mississippi","TRUE","","2795","13.0","28075","Lauderdale","{""28075"": 100}","Lauderdale","28075","FALSE","FALSE","America/Chicago"
"39365","32.60486","-89.12225","Union","MS","Mississippi","TRUE","","8256","16.6","28099","Neshoba","{""28099"": 71.03, ""28101"": 28.26, ""28079"": 0.55, ""28069"": 0.16}","Neshoba|Newton|Leake|Kemper","28099|28101|28079|28069","FALSE","FALSE","America/Chicago"
"39366","31.93795","-88.90057","Vossburg","MS","Mississippi","TRUE","","977","5.6","28023","Clarke","{""28023"": 56.02, ""28061"": 43.98}","Clarke|Jasper","28023|28061","FALSE","FALSE","America/Chicago"
"39367","31.68219","-88.6644","Waynesboro","MS","Mississippi","TRUE","","14333","12.0","28153","Wayne","{""28153"": 95.4, ""28023"": 4.6}","Wayne|Clarke","28153|28023","FALSE","FALSE","America/Chicago"
"39401","31.23496","-89.26912","Hattiesburg","MS","Mississippi","TRUE","","41293","84.4","28035","Forrest","{""28035"": 95.42, ""28067"": 3.93, ""28031"": 0.44, ""28073"": 0.21}","Forrest|Jones|Covington|Lamar","28035|28067|28031|28073","FALSE","FALSE","America/Chicago"
"39402","31.33446","-89.4132","Hattiesburg","MS","Mississippi","TRUE","","43628","180.7","28073","Lamar","{""28073"": 56.49, ""28035"": 41.87, ""28031"": 1.64}","Lamar|Forrest|Covington","28073|28035|28031","FALSE","FALSE","America/Chicago"
"39406","31.32895","-89.33515","Hattiesburg","MS","Mississippi","TRUE","","1671","1896.9","28035","Forrest","{""28035"": 100}","Forrest","28035","FALSE","FALSE","America/Chicago"
"39421","31.48411","-89.71179","Bassfield","MS","Mississippi","TRUE","","3215","18.6","28065","Jefferson Davis","{""28065"": 82.76, ""28091"": 17.24}","Jefferson Davis|Marion","28065|28091","FALSE","FALSE","America/Chicago"
"39422","31.95953","-89.26745","Bay Springs","MS","Mississippi","TRUE","","4596","12.6","28061","Jasper","{""28061"": 71.46, ""28129"": 28.54}","Jasper|Smith","28061|28129","FALSE","FALSE","America/Chicago"
"39423","31.17553","-88.91103","Beaumont","MS","Mississippi","TRUE","","2474","9.9","28111","Perry","{""28111"": 97.37, ""28041"": 2.63}","Perry|Greene","28111|28041","FALSE","FALSE","America/Chicago"
"39425","31.05633","-89.06322","Brooklyn","MS","Mississippi","TRUE","","2805","5.1","28111","Perry","{""28111"": 79.47, ""28035"": 20.53}","Perry|Forrest","28111|28035","FALSE","FALSE","America/Chicago"
"39426","30.65375","-89.65709","Carriere","MS","Mississippi","TRUE","","17616","37.2","28109","Pearl River","{""28109"": 89.75, ""28045"": 10.25}","Pearl River|Hancock","28109|28045","FALSE","FALSE","America/Chicago"
"39427","31.48693","-89.82701","Carson","MS","Mississippi","TRUE","","1234","8.5","28065","Jefferson Davis","{""28065"": 100}","Jefferson Davis","28065","FALSE","FALSE","America/Chicago"
"39428","31.65017","-89.57215","Collins","MS","Mississippi","TRUE","","8778","19.0","28031","Covington","{""28031"": 100}","Covington","28031","FALSE","FALSE","America/Chicago"
"39429","31.25052","-89.76337","Columbia","MS","Mississippi","TRUE","","15995","20.7","28091","Marion","{""28091"": 95.96, ""28073"": 2.69, ""28065"": 1.35}","Marion|Lamar|Jefferson Davis","28091|28073|28065","FALSE","FALSE","America/Chicago"
"39437","31.57883","-89.21981","Ellisville","MS","Mississippi","TRUE","","13101","29.8","28067","Jones","{""28067"": 100}","Jones","28067","FALSE","FALSE","America/Chicago"
"39439","31.85865","-89.00227","Heidelberg","MS","Mississippi","TRUE","","4680","13.2","28061","Jasper","{""28061"": 67.14, ""28067"": 19.02, ""28023"": 6.96, ""28153"": 6.88}","Jasper|Jones|Clarke|Wayne","28061|28067|28023|28153","FALSE","FALSE","America/Chicago"
"39440","31.694","-89.14791","Laurel","MS","Mississippi","TRUE","","20443","446.0","28067","Jones","{""28067"": 100}","Jones","28067","FALSE","FALSE","America/Chicago"
"39443","31.71932","-89.07376","Laurel","MS","Mississippi","TRUE","","21973","29.0","28067","Jones","{""28067"": 68.43, ""28153"": 17.53, ""28061"": 14.04}","Jones|Wayne|Jasper","28067|28153|28061","FALSE","FALSE","America/Chicago"
"39451","31.16722","-88.61757","Leakesville","MS","Mississippi","TRUE","","7512","11.1","28041","Greene","{""28041"": 100}","Greene","28041","FALSE","FALSE","America/Chicago"
"39452","30.88002","-88.59097","Lucedale","MS","Mississippi","TRUE","","27607","19.9","28039","George","{""28039"": 71.96, ""28041"": 16.72, ""28059"": 11.32}","George|Greene|Jackson","28039|28041|28059","FALSE","FALSE","America/Chicago"
"39455","31.01084","-89.46931","Lumberton","MS","Mississippi","TRUE","","9229","9.7","28073","Lamar","{""28073"": 45.91, ""28109"": 31.17, ""28035"": 10.67, ""28131"": 8.47, ""28091"": 3.78}","Lamar|Pearl River|Forrest|Stone|Marion","28073|28109|28035|28131|28091","FALSE","FALSE","America/Chicago"
"39456","31.0282","-88.81819","McLain","MS","Mississippi","TRUE","","968","3.3","28041","Greene","{""28041"": 46.42, ""28111"": 29.69, ""28039"": 23.89}","Greene|Perry|George","28041|28111|28039","FALSE","FALSE","America/Chicago"
"39459","31.49021","-89.30216","Moselle","MS","Mississippi","TRUE","","4354","26.9","28067","Jones","{""28067"": 100}","Jones","28067","FALSE","FALSE","America/Chicago"
"39461","31.18703","-88.73992","Neely","MS","Mississippi","TRUE","","644","5.6","28041","Greene","{""28041"": 100}","Greene","28041","FALSE","FALSE","America/Chicago"
"39462","31.22105","-89.05738","New Augusta","MS","Mississippi","TRUE","","1139","7.7","28111","Perry","{""28111"": 100}","Perry","28111","FALSE","FALSE","America/Chicago"
"39464","31.49268","-89.06129","Ovett","MS","Mississippi","TRUE","","3345","12.1","28067","Jones","{""28067"": 84.33, ""28111"": 15.67}","Jones|Perry","28067|28111","FALSE","FALSE","America/Chicago"
"39465","31.34456","-89.18751","Petal","MS","Mississippi","TRUE","","23528","74.0","28035","Forrest","{""28035"": 76.58, ""28111"": 22.84, ""28067"": 0.58}","Forrest|Perry|Jones","28035|28111|28067","FALSE","FALSE","America/Chicago"
"39466","30.53328","-89.63424","Picayune","MS","Mississippi","TRUE","","28862","72.9","28109","Pearl River","{""28109"": 63.33, ""28045"": 36.67}","Pearl River|Hancock","28109|28045","FALSE","FALSE","America/Chicago"
"39470","30.81602","-89.57581","Poplarville","MS","Mississippi","TRUE","","11979","10.8","28109","Pearl River","{""28109"": 98.8, ""28045"": 1.08, ""28131"": 0.12}","Pearl River|Hancock|Stone","28109|28045|28131","FALSE","FALSE","America/Chicago"
"39474","31.61739","-89.85458","Prentiss","MS","Mississippi","TRUE","","5413","13.6","28065","Jefferson Davis","{""28065"": 99.36, ""28031"": 0.64}","Jefferson Davis|Covington","28065|28031","FALSE","FALSE","America/Chicago"
"39475","31.15496","-89.4129","Purvis","MS","Mississippi","TRUE","","13635","33.2","28073","Lamar","{""28073"": 82.94, ""28035"": 17.06}","Lamar|Forrest","28073|28035","FALSE","FALSE","America/Chicago"
"39476","31.37855","-88.86764","Richton","MS","Mississippi","TRUE","","6654","6.1","28111","Perry","{""28111"": 41.88, ""28041"": 32.77, ""28153"": 19.65, ""28067"": 5.7}","Perry|Greene|Wayne|Jones","28111|28041|28153|28067","FALSE","FALSE","America/Chicago"
"39477","31.79291","-89.03579","Sandersville","MS","Mississippi","TRUE","","559","41.3","28067","Jones","{""28067"": 99.84, ""28061"": 0.16}","Jones|Jasper","28067|28061","FALSE","FALSE","America/Chicago"
"39478","31.05306","-89.85768","Sandy Hook","MS","Mississippi","TRUE","","2256","11.8","28091","Marion","{""28091"": 54.07, ""28147"": 45.93}","Marion|Walthall","28091|28147","FALSE","FALSE","America/Chicago"
"39479","31.53775","-89.46065","Seminary","MS","Mississippi","TRUE","","5795","18.0","28031","Covington","{""28031"": 86.88, ""28067"": 13.12}","Covington|Jones","28031|28067","FALSE","FALSE","America/Chicago"
"39480","31.70889","-89.31529","Soso","MS","Mississippi","TRUE","","2611","20.6","28067","Jones","{""28067"": 95.42, ""28061"": 4.58}","Jones|Jasper","28067|28061","FALSE","FALSE","America/Chicago"
"39481","31.86738","-89.24457","Stringer","MS","Mississippi","TRUE","","1652","17.0","28061","Jasper","{""28061"": 98.69, ""28129"": 1.31}","Jasper|Smith","28061|28129","FALSE","FALSE","America/Chicago"
"39482","31.37271","-89.57966","Sumrall","MS","Mississippi","TRUE","","10551","20.7","28073","Lamar","{""28073"": 69.05, ""28065"": 15.75, ""28031"": 9.39, ""28091"": 5.81}","Lamar|Jefferson Davis|Covington|Marion","28073|28065|28031|28091","FALSE","FALSE","America/Chicago"
"39483","31.23515","-89.92674","Foxworth","MS","Mississippi","TRUE","","5926","15.4","28091","Marion","{""28091"": 96.69, ""28147"": 3.31}","Marion|Walthall","28091|28147","FALSE","FALSE","America/Chicago"
"39501","30.3857","-89.10309","Gulfport","MS","Mississippi","TRUE","","23224","624.5","28047","Harrison","{""28047"": 100}","Harrison","28047","FALSE","FALSE","America/Chicago"
"39503","30.47432","-89.14752","Gulfport","MS","Mississippi","TRUE","","55332","187.0","28047","Harrison","{""28047"": 100}","Harrison","28047","FALSE","FALSE","America/Chicago"
"39507","30.39945","-89.03628","Gulfport","MS","Mississippi","TRUE","","18048","847.7","28047","Harrison","{""28047"": 100}","Harrison","28047","FALSE","FALSE","America/Chicago"
"39520","30.26885","-89.47132","Bay Saint Louis","MS","Mississippi","TRUE","","15201","60.6","28045","Hancock","{""28045"": 100}","Hancock","28045","FALSE","FALSE","America/Chicago"
"39525","30.38123","-89.37065","Diamondhead","MS","Mississippi","TRUE","","9417","347.2","28045","Hancock","{""28045"": 100}","Hancock","28045","FALSE","FALSE","America/Chicago"
"39529","30.37734","-89.60211","Stennis Space Center","MS","Mississippi","TRUE","","0","0.0","28045","Hancock","{""28045"": 100}","Hancock","28045","FALSE","FALSE","America/Chicago"
"39530","30.40344","-88.89165","Biloxi","MS","Mississippi","TRUE","","8030","688.9","28047","Harrison","{""28047"": 100}","Harrison","28047","FALSE","FALSE","America/Chicago"
"39531","30.40459","-88.96735","Biloxi","MS","Mississippi","TRUE","","18458","1073.4","28047","Harrison","{""28047"": 100}","Harrison","28047","FALSE","FALSE","America/Chicago"
"39532","30.50155","-88.97454","Biloxi","MS","Mississippi","TRUE","","34540","162.2","28047","Harrison","{""28047"": 89.89, ""28059"": 10.11}","Harrison|Jackson","28047|28059","FALSE","FALSE","America/Chicago"
"39534","30.40856","-88.92122","Biloxi","MS","Mississippi","TRUE","","2602","573.6","28047","Harrison","{""28047"": 100}","Harrison","28047","FALSE","FALSE","America/Chicago"
"39540","30.47108","-88.90088","Diberville","MS","Mississippi","TRUE","","12736","431.9","28047","Harrison","{""28047"": 100}","Harrison","28047","FALSE","FALSE","America/Chicago"
"39553","30.41625","-88.64848","Gautier","MS","Mississippi","TRUE","","17786","243.0","28059","Jackson","{""28059"": 100}","Jackson","28059","FALSE","FALSE","America/Chicago"
"39556","30.44457","-89.42747","Kiln","MS","Mississippi","TRUE","","7949","29.9","28045","Hancock","{""28045"": 100}","Hancock","28045","FALSE","FALSE","America/Chicago"
"39560","30.37356","-89.17356","Long Beach","MS","Mississippi","TRUE","","18141","345.7","28047","Harrison","{""28047"": 100}","Harrison","28047","FALSE","FALSE","America/Chicago"
"39561","30.70633","-89.16049","McHenry","MS","Mississippi","TRUE","","1257","15.5","28131","Stone","{""28131"": 100}","Stone","28131","FALSE","FALSE","America/Chicago"
"39562","30.54573","-88.49039","Moss Point","MS","Mississippi","TRUE","","17278","33.1","28059","Jackson","{""28059"": 100}","Jackson","28059","FALSE","FALSE","America/Chicago"
"39563","30.42449","-88.52601","Moss Point","MS","Mississippi","TRUE","","12259","238.1","28059","Jackson","{""28059"": 100}","Jackson","28059","FALSE","FALSE","America/Chicago"
"39564","30.40518","-88.75471","Ocean Springs","MS","Mississippi","TRUE","","41615","301.6","28059","Jackson","{""28059"": 100}","Jackson","28059","FALSE","FALSE","America/Chicago"
"39565","30.5759","-88.75207","Vancleave","MS","Mississippi","TRUE","","20112","28.3","28059","Jackson","{""28059"": 96.24, ""28047"": 3.76}","Jackson|Harrison","28059|28047","FALSE","FALSE","America/Chicago"
"39567","30.36192","-88.55254","Pascagoula","MS","Mississippi","TRUE","","10213","615.7","28059","Jackson","{""28059"": 100}","Jackson","28059","FALSE","FALSE","America/Chicago"
"39571","30.41662","-89.28125","Pass Christian","MS","Mississippi","TRUE","","13396","60.1","28047","Harrison","{""28047"": 95.72, ""28045"": 4.28}","Harrison|Hancock","28047|28045","FALSE","FALSE","America/Chicago"
"39572","30.25089","-89.60127","Pearlington","MS","Mississippi","TRUE","","1151","41.3","28045","Hancock","{""28045"": 100}","Hancock","28045","FALSE","FALSE","America/Chicago"
"39573","30.72692","-89.08271","Perkinston","MS","Mississippi","TRUE","","8891","8.4","28131","Stone","{""28131"": 58.82, ""28039"": 16.09, ""28045"": 11.58, ""28059"": 8.15, ""28109"": 2.82, ""28047"": 2.54}","Stone|George|Hancock|Jackson|Pearl River|Harrison","28131|28039|28045|28059|28109|28047","FALSE","FALSE","America/Chicago"
"39574","30.60912","-89.10489","Saucier","MS","Mississippi","TRUE","","13203","23.9","28047","Harrison","{""28047"": 98.5, ""28131"": 1.5}","Harrison|Stone","28047|28131","FALSE","FALSE","America/Chicago"
"39576","30.28699","-89.38511","Waveland","MS","Mississippi","TRUE","","6159","364.7","28045","Hancock","{""28045"": 100}","Hancock","28045","FALSE","FALSE","America/Chicago"
"39577","30.90213","-89.07971","Wiggins","MS","Mississippi","TRUE","","10808","16.5","28131","Stone","{""28131"": 54.84, ""28111"": 28.46, ""28035"": 16.7}","Stone|Perry|Forrest","28131|28111|28035","FALSE","FALSE","America/Chicago"
"39581","30.35048","-88.49324","Pascagoula","MS","Mississippi","TRUE","","11777","324.6","28059","Jackson","{""28059"": 100}","Jackson","28059","FALSE","FALSE","America/Chicago"
"39595","30.33448","-88.57587","Pascagoula","MS","Mississippi","TRUE","","34","25.3","28059","Jackson","{""28059"": 100}","Jackson","28059","FALSE","FALSE","America/Chicago"
"39601","31.56548","-90.47762","Brookhaven","MS","Mississippi","TRUE","","24255","35.4","28085","Lincoln","{""28085"": 90.56, ""28037"": 9.44}","Lincoln|Franklin","28085|28037","FALSE","FALSE","America/Chicago"
"39629","31.43729","-90.45737","Bogue Chitto","MS","Mississippi","TRUE","","6107","15.3","28085","Lincoln","{""28085"": 100}","Lincoln","28085","FALSE","FALSE","America/Chicago"
"39630","31.45939","-90.84544","Bude","MS","Mississippi","TRUE","","1110","131.1","28037","Franklin","{""28037"": 100}","Franklin","28037","FALSE","FALSE","America/Chicago"
"39631","31.07321","-91.09581","Centreville","MS","Mississippi","TRUE","","3745","9.2","28157","Wilkinson","{""28157"": 69.63, ""28005"": 30.37}","Wilkinson|Amite","28157|28005","FALSE","FALSE","America/Chicago"
"39633","31.287","-91.16663","Crosby","MS","Mississippi","TRUE","","718","2.5","28157","Wilkinson","{""28157"": 90.18, ""28005"": 9.82}","Wilkinson|Amite","28157|28005","FALSE","FALSE","America/Chicago"
"39635","31.18432","-90.44859","Fernwood","MS","Mississippi","TRUE","","235","625.0","28113","Pike","{""28113"": 100}","Pike","28113","FALSE","FALSE","America/Chicago"
"39638","31.22378","-90.99747","Gloster","MS","Mississippi","TRUE","","3566","7.5","28005","Amite","{""28005"": 83.27, ""28157"": 16.73}","Amite|Wilkinson","28005|28157","FALSE","FALSE","America/Chicago"
"39641","31.35717","-90.17042","Jayess","MS","Mississippi","TRUE","","5212","14.3","28077","Lawrence","{""28077"": 50.88, ""28147"": 40.56, ""28113"": 6.26, ""28085"": 2.3}","Lawrence|Walthall|Pike|Lincoln","28077|28147|28113|28085","FALSE","FALSE","America/Chicago"
"39643","31.24575","-90.01368","Kokomo","MS","Mississippi","TRUE","","1141","11.2","28091","Marion","{""28091"": 73.77, ""28147"": 26.23}","Marion|Walthall","28091|28147","FALSE","FALSE","America/Chicago"
"39645","31.1485","-90.79399","Liberty","MS","Mississippi","TRUE","","4583","5.6","28005","Amite","{""28005"": 100}","Amite","28005","FALSE","FALSE","America/Chicago"
"39647","31.51498","-90.7143","McCall Creek","MS","Mississippi","TRUE","","623","3.3","28037","Franklin","{""28037"": 95.44, ""28085"": 4.56}","Franklin|Lincoln","28037|28085","FALSE","FALSE","America/Chicago"
"39648","31.18611","-90.38804","Mccomb","MS","Mississippi","TRUE","","20285","72.5","28113","Pike","{""28113"": 100}","Pike","28113","FALSE","FALSE","America/Chicago"
"39652","31.11034","-90.46701","Magnolia","MS","Mississippi","TRUE","","8565","21.1","28113","Pike","{""28113"": 72.59, ""28005"": 27.41}","Pike|Amite","28113|28005","FALSE","FALSE","America/Chicago"
"39653","31.46055","-90.86727","Meadville","MS","Mississippi","TRUE","","2457","4.2","28037","Franklin","{""28037"": 94.21, ""28063"": 3.9, ""28005"": 1.89}","Franklin|Jefferson|Amite","28037|28063|28005","FALSE","FALSE","America/Chicago"
"39654","31.53716","-90.13831","Monticello","MS","Mississippi","TRUE","","5259","13.4","28077","Lawrence","{""28077"": 96.82, ""28085"": 3.18}","Lawrence|Lincoln","28077|28085","FALSE","FALSE","America/Chicago"
"39656","31.45055","-89.92843","Oak Vale","MS","Mississippi","TRUE","","835","5.9","28065","Jefferson Davis","{""28065"": 76.17, ""28077"": 23.83}","Jefferson Davis|Lawrence","28065|28077","FALSE","FALSE","America/Chicago"
"39657","31.02727","-90.50334","Osyka","MS","Mississippi","TRUE","","1465","5.9","28113","Pike","{""28113"": 57.62, ""28005"": 42.11, ""28147"": 0.27}","Pike|Amite|Walthall","28113|28005|28147","FALSE","FALSE","America/Chicago"
"39661","31.48704","-91.07952","Roxie","MS","Mississippi","TRUE","","2626","4.1","28037","Franklin","{""28037"": 83.28, ""28001"": 16.6, ""28063"": 0.12}","Franklin|Adams|Jefferson","28037|28001|28063","FALSE","FALSE","America/Chicago"
"39662","31.38778","-90.29838","Ruth","MS","Mississippi","TRUE","","1517","12.1","28085","Lincoln","{""28085"": 65.92, ""28113"": 26.84, ""28077"": 7.24}","Lincoln|Pike|Lawrence","28085|28113|28077","FALSE","FALSE","America/Chicago"
"39663","31.58615","-90.02955","Silver Creek","MS","Mississippi","TRUE","","2249","6.9","28077","Lawrence","{""28077"": 93.28, ""28065"": 6.72}","Lawrence|Jefferson Davis","28077|28065","FALSE","FALSE","America/Chicago"
"39664","31.32894","-90.68252","Smithdale","MS","Mississippi","TRUE","","1766","6.0","28005","Amite","{""28005"": 58.32, ""28037"": 31.76, ""28085"": 9.92}","Amite|Franklin|Lincoln","28005|28037|28085","FALSE","FALSE","America/Chicago"
"39665","31.64125","-90.21404","Sontag","MS","Mississippi","TRUE","","1077","7.0","28077","Lawrence","{""28077"": 75.09, ""28085"": 24.91}","Lawrence|Lincoln","28077|28085","FALSE","FALSE","America/Chicago"
"39666","31.2853","-90.48857","Summit","MS","Mississippi","TRUE","","11675","27.6","28113","Pike","{""28113"": 59.49, ""28005"": 30.12, ""28085"": 10.39}","Pike|Amite|Lincoln","28113|28005|28085","FALSE","FALSE","America/Chicago"
"39667","31.1298","-90.12656","Tylertown","MS","Mississippi","TRUE","","11070","13.5","28147","Walthall","{""28147"": 93.72, ""28113"": 4.13, ""28091"": 2.15}","Walthall|Pike|Marion","28147|28113|28091","FALSE","FALSE","America/Chicago"
"39668","31.69126","-90.79126","Union Church","MS","Mississippi","TRUE","","963","3.4","28063","Jefferson","{""28063"": 81.43, ""28085"": 15.91, ""28037"": 2.1, ""28029"": 0.55}","Jefferson|Lincoln|Franklin|Copiah","28063|28085|28037|28029","FALSE","FALSE","America/Chicago"
"39669","31.14966","-91.39547","Woodville","MS","Mississippi","TRUE","","5254","4.6","28157","Wilkinson","{""28157"": 100}","Wilkinson","28157","FALSE","FALSE","America/Chicago"
"39701","33.41091","-88.50807","Columbus","MS","Mississippi","TRUE","","12721","25.8","28087","Lowndes","{""28087"": 100}","Lowndes","28087","FALSE","FALSE","America/Chicago"
"39702","33.43876","-88.34493","Columbus","MS","Mississippi","TRUE","","23390","90.4","28087","Lowndes","{""28087"": 100}","Lowndes","28087","FALSE","FALSE","America/Chicago"
"39705","33.58669","-88.43705","Columbus","MS","Mississippi","TRUE","","12597","73.6","28087","Lowndes","{""28087"": 100}","Lowndes","28087","FALSE","FALSE","America/Chicago"
"39730","33.83926","-88.56267","Aberdeen","MS","Mississippi","TRUE","","11204","17.3","28095","Monroe","{""28095"": 100}","Monroe","28095","FALSE","FALSE","America/Chicago"
"39735","33.34511","-89.18998","Ackerman","MS","Mississippi","TRUE","","3888","10.1","28019","Choctaw","{""28019"": 100}","Choctaw","28019","FALSE","FALSE","America/Chicago"
"39736","33.4169","-88.64178","Artesia","MS","Mississippi","TRUE","","365","224.1","28087","Lowndes","{""28087"": 100}","Lowndes","28087","FALSE","FALSE","America/Chicago"
"39737","33.65211","-89.33573","Bellefontaine","MS","Mississippi","TRUE","","124","2.8","28155","Webster","{""28155"": 100}","Webster","28155","FALSE","FALSE","America/Chicago"
"39739","33.23843","-88.57855","Brooksville","MS","Mississippi","TRUE","","2774","6.1","28103","Noxubee","{""28103"": 100}","Noxubee","28103","FALSE","FALSE","America/Chicago"
"39740","33.71668","-88.31287","Caledonia","MS","Mississippi","TRUE","","5777","28.0","28087","Lowndes","{""28087"": 68.23, ""28095"": 31.77}","Lowndes|Monroe","28087|28095","FALSE","FALSE","America/Chicago"
"39741","33.65254","-88.85536","Cedarbluff","MS","Mississippi","TRUE","","1467","7.9","28025","Clay","{""28025"": 100}","Clay","28025","FALSE","FALSE","America/Chicago"
"39743","33.31913","-88.61308","Crawford","MS","Mississippi","TRUE","","1990","11.0","28087","Lowndes","{""28087"": 71.69, ""28105"": 22.65, ""28103"": 5.66}","Lowndes|Oktibbeha|Noxubee","28087|28105|28103","FALSE","FALSE","America/Chicago"
"39744","33.58344","-89.30374","Eupora","MS","Mississippi","TRUE","","5793","9.2","28155","Webster","{""28155"": 78.93, ""28019"": 15.94, ""28013"": 5.13}","Webster|Choctaw|Calhoun","28155|28019|28013","FALSE","FALSE","America/Chicago"
"39745","33.29984","-89.46277","French Camp","MS","Mississippi","TRUE","","701","4.4","28007","Attala","{""28007"": 37.14, ""28019"": 35.15, ""28097"": 27.7}","Attala|Choctaw|Montgomery","28007|28019|28097","FALSE","FALSE","America/Chicago"
"39746","33.74697","-88.41544","Hamilton","MS","Mississippi","TRUE","","2562","11.2","28095","Monroe","{""28095"": 100}","Monroe","28095","FALSE","FALSE","America/Chicago"
"39747","33.42283","-89.5538","Kilmichael","MS","Mississippi","TRUE","","1487","4.5","28097","Montgomery","{""28097"": 100}","Montgomery","28097","FALSE","FALSE","America/Chicago"
"39750","33.56331","-89.05751","Maben","MS","Mississippi","TRUE","","3552","15.0","28155","Webster","{""28155"": 46.06, ""28105"": 40.32, ""28025"": 10.82, ""28019"": 2.8}","Webster|Oktibbeha|Clay|Choctaw","28155|28105|28025|28019","FALSE","FALSE","America/Chicago"
"39751","33.70444","-89.10004","Mantee","MS","Mississippi","TRUE","","1390","7.1","28155","Webster","{""28155"": 67.12, ""28025"": 20.76, ""28017"": 12.12}","Webster|Clay|Chickasaw","28155|28025|28017","FALSE","FALSE","America/Chicago"
"39752","33.5198","-89.15427","Mathiston","MS","Mississippi","TRUE","","2390","12.5","28019","Choctaw","{""28019"": 66.56, ""28155"": 33.44}","Choctaw|Webster","28019|28155","FALSE","FALSE","America/Chicago"
"39753","33.48441","-88.63052","Mayhew","MS","Mississippi","TRUE","","0","0.0","28087","Lowndes","{""28087"": 100}","Lowndes","28087","FALSE","FALSE","America/Chicago"
"39755","33.61275","-88.95138","Pheba","MS","Mississippi","TRUE","","827","4.5","28025","Clay","{""28025"": 80.15, ""28105"": 19.85}","Clay|Oktibbeha","28025|28105","FALSE","FALSE","America/Chicago"
"39756","33.78356","-88.74266","Prairie","MS","Mississippi","TRUE","","1782","9.8","28025","Clay","{""28025"": 46.1, ""28095"": 39.79, ""28017"": 14.11}","Clay|Monroe|Chickasaw","28025|28095|28017","FALSE","FALSE","America/Chicago"
"39759","33.43491","-88.82631","Starkville","MS","Mississippi","TRUE","","43990","52.5","28105","Oktibbeha","{""28105"": 97.36, ""28087"": 2.64}","Oktibbeha|Lowndes","28105|28087","FALSE","FALSE","America/Chicago"
"39762","33.44648","-88.79576","Mississippi State","MS","Mississippi","TRUE","","3541","1113.9","28105","Oktibbeha","{""28105"": 100}","Oktibbeha","28105","FALSE","FALSE","America/Chicago"
"39766","33.5876","-88.31598","Steens","MS","Mississippi","TRUE","","3165","34.8","28087","Lowndes","{""28087"": 100}","Lowndes","28087","FALSE","FALSE","America/Chicago"
"39767","33.47263","-89.45001","Stewart","MS","Mississippi","TRUE","","838","3.8","28155","Webster","{""28155"": 53.61, ""28019"": 26.46, ""28097"": 19.93}","Webster|Choctaw|Montgomery","28155|28019|28097","FALSE","FALSE","America/Chicago"
"39769","33.31867","-89.01136","Sturgis","MS","Mississippi","TRUE","","1287","3.8","28105","Oktibbeha","{""28105"": 57.86, ""28159"": 36.76, ""28019"": 5.38}","Oktibbeha|Winston|Choctaw","28105|28159|28019","FALSE","FALSE","America/Chicago"
"39771","33.60694","-89.27873","Walthall","MS","Mississippi","TRUE","","118","46.8","28155","Webster","{""28155"": 100}","Webster","28155","FALSE","FALSE","America/Chicago"
"39772","33.30509","-89.29893","Weir","MS","Mississippi","TRUE","","1814","8.7","28019","Choctaw","{""28019"": 92.31, ""28007"": 5.06, ""28159"": 2.63}","Choctaw|Attala|Winston","28019|28007|28159","FALSE","FALSE","America/Chicago"
"39773","33.63892","-88.67558","West Point","MS","Mississippi","TRUE","","15006","26.4","28025","Clay","{""28025"": 94.86, ""28095"": 5.14}","Clay|Monroe","28025|28095","FALSE","FALSE","America/Chicago"
"39776","33.78517","-89.03239","Woodland","MS","Mississippi","TRUE","","1186","5.4","28017","Chickasaw","{""28017"": 81.36, ""28025"": 18.64}","Chickasaw|Clay","28017|28025","FALSE","FALSE","America/Chicago"
"39813","31.42631","-84.68361","Arlington","GA","Georgia","TRUE","","1841","5.3","13037","Calhoun","{""13037"": 46.82, ""13099"": 39.8, ""13007"": 13.38}","Calhoun|Early|Baker","13037|13099|13007","FALSE","FALSE","America/New_York"
"39815","30.74138","-84.4935","Attapulgus","GA","Georgia","TRUE","","1599","11.3","13087","Decatur","{""13087"": 100}","Decatur","13087","FALSE","FALSE","America/New_York"
"39817","30.93953","-84.59132","Bainbridge","GA","Georgia","TRUE","","11035","29.5","13087","Decatur","{""13087"": 100}","Decatur","13087","FALSE","FALSE","America/New_York"
"39819","30.78485","-84.64297","Bainbridge","GA","Georgia","TRUE","","12296","31.6","13087","Decatur","{""13087"": 100}","Decatur","13087","FALSE","FALSE","America/New_York"
"39823","31.34004","-84.94641","Blakely","GA","Georgia","TRUE","","8624","9.6","13099","Early","{""13099"": 95.24, ""13201"": 4.76}","Early|Miller","13099|13201","FALSE","FALSE","America/New_York"
"39824","31.52882","-84.86552","Bluffton","GA","Georgia","TRUE","","680","6.4","13061","Clay","{""13061"": 70.74, ""13099"": 29.26}","Clay|Early","13061|13099","FALSE","FALSE","America/New_York"
"39825","30.92359","-84.73496","Brinson","GA","Georgia","TRUE","","1733","7.2","13087","Decatur","{""13087"": 85.41, ""13253"": 14.59}","Decatur|Seminole","13087|13253","FALSE","FALSE","America/New_York"
"39826","31.82092","-84.32423","Bronwood","GA","Georgia","TRUE","","725","8.3","13273","Terrell","{""13273"": 100}","Terrell","13273","FALSE","FALSE","America/New_York"
"39827","30.94911","-84.21674","Cairo","GA","Georgia","TRUE","","4651","25.7","13131","Grady","{""13131"": 100}","Grady","13131","FALSE","FALSE","America/New_York"
"39828","30.79741","-84.22444","Cairo","GA","Georgia","TRUE","","15148","43.1","13131","Grady","{""13131"": 100}","Grady","13131","FALSE","FALSE","America/New_York"
"39832","31.19304","-85.0257","Cedar Springs","GA","Georgia","TRUE","","4","0.6","13099","Early","{""13099"": 100}","Early","13099","FALSE","FALSE","America/New_York"
"39834","30.89298","-84.42749","Climax","GA","Georgia","TRUE","","2207","7.0","13087","Decatur","{""13087"": 100}","Decatur","13087","FALSE","FALSE","America/New_York"
"39836","31.66293","-84.87726","Coleman","GA","Georgia","TRUE","","411","2.2","13243","Randolph","{""13243"": 86.17, ""13061"": 13.83}","Randolph|Clay","13243|13061","FALSE","FALSE","America/New_York"
"39837","31.15321","-84.67283","Colquitt","GA","Georgia","TRUE","","6171","8.3","13201","Miller","{""13201"": 78.22, ""13007"": 11.34, ""13087"": 10.05, ""13099"": 0.39}","Miller|Baker|Decatur|Early","13201|13007|13087|13099","FALSE","FALSE","America/New_York"
"39840","31.78874","-84.75986","Cuthbert","GA","Georgia","TRUE","","4633","8.0","13243","Randolph","{""13243"": 100}","Randolph","13243","FALSE","FALSE","America/New_York"
"39841","31.29031","-84.69124","Damascus","GA","Georgia","TRUE","","778","4.2","13099","Early","{""13099"": 70.88, ""13007"": 17.48, ""13201"": 11.64}","Early|Baker|Miller","13099|13007|13201","FALSE","FALSE","America/New_York"
"39842","31.75837","-84.44314","Dawson","GA","Georgia","TRUE","","7659","11.0","13273","Terrell","{""13273"": 99.73, ""13037"": 0.27}","Terrell|Calhoun","13273|13037","FALSE","FALSE","America/New_York"
"39845","30.95011","-84.89329","Donalsonville","GA","Georgia","TRUE","","8165","16.2","13253","Seminole","{""13253"": 85.46, ""13201"": 14.12, ""13099"": 0.42}","Seminole|Miller|Early","13253|13201|13099","FALSE","FALSE","America/New_York"
"39846","31.56841","-84.74271","Edison","GA","Georgia","TRUE","","1686","8.1","13037","Calhoun","{""13037"": 90.72, ""13061"": 8.04, ""13243"": 1.24}","Calhoun|Clay|Randolph","13037|13061|13243","FALSE","FALSE","America/New_York"
"39851","31.63432","-85.00086","Fort Gaines","GA","Georgia","TRUE","","1800","5.1","13061","Clay","{""13061"": 92.05, ""13243"": 7.95}","Clay|Randolph","13061|13243","FALSE","FALSE","America/New_York"
"39854","31.86713","-85.04881","Georgetown","GA","Georgia","TRUE","","2392","8.1","13239","Quitman","{""13239"": 94.03, ""13061"": 5.97}","Quitman|Clay","13239|13061","FALSE","FALSE","America/New_York"
"39859","30.99493","-84.80731","Iron City","GA","Georgia","TRUE","","1000","6.5","13253","Seminole","{""13253"": 96.74, ""13201"": 3.26}","Seminole|Miller","13253|13201","FALSE","FALSE","America/New_York"
"39861","31.13635","-84.9884","Jakin","GA","Georgia","TRUE","","1063","6.7","13099","Early","{""13099"": 97.96, ""13253"": 2.04}","Early|Seminole","13099|13253","FALSE","FALSE","America/New_York"
"39862","31.45694","-84.51615","Leary","GA","Georgia","TRUE","","1012","2.7","13037","Calhoun","{""13037"": 58.51, ""13007"": 41.49}","Calhoun|Baker","13037|13007","FALSE","FALSE","America/New_York"
"39866","31.55954","-84.60553","Morgan","GA","Georgia","TRUE","","2125","13.9","13037","Calhoun","{""13037"": 95.77, ""13243"": 4.23}","Calhoun|Randolph","13037|13243","FALSE","FALSE","America/New_York"
"39867","31.84076","-84.93684","Morris","GA","Georgia","TRUE","","348","1.4","13239","Quitman","{""13239"": 45.22, ""13243"": 26.59, ""13061"": 19.05, ""13259"": 9.15}","Quitman|Randolph|Clay|Stewart","13239|13243|13061|13259","FALSE","FALSE","America/New_York"
"39870","31.31944","-84.41071","Newton","GA","Georgia","TRUE","","1801","3.8","13007","Baker","{""13007"": 100}","Baker","13007","FALSE","FALSE","America/New_York"
"39877","31.9183","-84.50647","Parrott","GA","Georgia","TRUE","","511","4.6","13273","Terrell","{""13273"": 62.88, ""13307"": 37.12}","Terrell|Webster","13273|13307","FALSE","FALSE","America/New_York"
"39885","31.72189","-84.34304","Sasser","GA","Georgia","TRUE","","23","58.7","13273","Terrell","{""13273"": 100}","Terrell","13273","FALSE","FALSE","America/New_York"
"39886","31.73469","-84.61554","Shellman","GA","Georgia","TRUE","","1525","5.6","13243","Randolph","{""13243"": 92.83, ""13273"": 4.29, ""13037"": 2.88}","Randolph|Terrell|Calhoun","13243|13273|13037","FALSE","FALSE","America/New_York"
"39897","30.91234","-84.33297","Whigham","GA","Georgia","TRUE","","3612","10.2","13131","Grady","{""13131"": 91.98, ""13087"": 8.02}","Grady|Decatur","13131|13087","FALSE","FALSE","America/New_York"
"40003","38.26863","-85.04367","Bagdad","KY","Kentucky","TRUE","","1971","17.6","21211","Shelby","{""21211"": 92.6, ""21073"": 7.4}","Shelby|Franklin","21211|21073","FALSE","FALSE","America/New_York"
"40004","37.80279","-85.4695","Bardstown","KY","Kentucky","TRUE","","30492","81.0","21179","Nelson","{""21179"": 100}","Nelson","21179","FALSE","FALSE","America/New_York"
"40006","38.59626","-85.32861","Bedford","KY","Kentucky","TRUE","","5023","21.3","21223","Trimble","{""21223"": 98.9, ""21041"": 1.1}","Trimble|Carroll","21223|21041","FALSE","FALSE","America/New_York"
"40007","38.4524","-85.00176","Bethlehem","KY","Kentucky","TRUE","","20","0.9","21103","Henry","{""21103"": 100}","Henry","21103","FALSE","FALSE","America/New_York"
"40008","37.91735","-85.28097","Bloomfield","KY","Kentucky","TRUE","","3747","16.1","21179","Nelson","{""21179"": 82.05, ""21215"": 17.95}","Nelson|Spencer","21179|21215","FALSE","FALSE","America/New_York"
"40009","37.47075","-85.099","Bradfordsville","KY","Kentucky","TRUE","","1460","8.8","21155","Marion","{""21155"": 72.7, ""21217"": 21.39, ""21045"": 5.91}","Marion|Taylor|Casey","21155|21217|21045","FALSE","FALSE","America/New_York"
"40010","38.37226","-85.45431","Buckner","KY","Kentucky","TRUE","","612","154.1","21185","Oldham","{""21185"": 100}","Oldham","21185","FALSE","FALSE","America/New_York"
"40011","38.53048","-85.1718","Campbellsburg","KY","Kentucky","TRUE","","2527","18.8","21103","Henry","{""21103"": 71.5, ""21223"": 20.02, ""21041"": 8.48}","Henry|Trimble|Carroll","21103|21223|21041","FALSE","FALSE","America/New_York"
"40012","37.90697","-85.17376","Chaplin","KY","Kentucky","TRUE","","735","25.6","21179","Nelson","{""21179"": 78.04, ""21005"": 21.96}","Nelson|Anderson","21179|21005","FALSE","FALSE","America/New_York"
"40013","37.93427","-85.48684","Coxs Creek","KY","Kentucky","TRUE","","5839","29.9","21179","Nelson","{""21179"": 76.57, ""21215"": 13.73, ""21029"": 9.7}","Nelson|Spencer|Bullitt","21179|21215|21029","FALSE","FALSE","America/New_York"
"40014","38.3412","-85.43181","Crestwood","KY","Kentucky","TRUE","","22533","167.1","21185","Oldham","{""21185"": 100}","Oldham","21185","FALSE","FALSE","America/New_York"
"40019","38.37416","-85.17437","Eminence","KY","Kentucky","TRUE","","3935","39.2","21103","Henry","{""21103"": 70.92, ""21211"": 29.08}","Henry|Shelby","21103|21211","FALSE","FALSE","America/New_York"
"40020","37.93503","-85.38753","Fairfield","KY","Kentucky","TRUE","","227","184.6","21179","Nelson","{""21179"": 100}","Nelson","21179","FALSE","FALSE","America/New_York"
"40022","38.15242","-85.3341","Finchville","KY","Kentucky","TRUE","","876","20.7","21211","Shelby","{""21211"": 100}","Shelby","21211","FALSE","FALSE","America/New_York"
"40023","38.16264","-85.42367","Fisherville","KY","Kentucky","TRUE","","5925","94.3","21111","Jefferson","{""21111"": 59.93, ""21215"": 32.36, ""21211"": 7.71}","Jefferson|Spencer|Shelby","21111|21215|21211","FALSE","FALSE","America/New_York"
"40025","38.30133","-85.65202","Glenview","KY","Kentucky","TRUE","","460","138.0","21111","Jefferson","{""21111"": 100}","Jefferson","21111","FALSE","FALSE","America/New_York"
"40026","38.42687","-85.52902","Goshen","KY","Kentucky","TRUE","","6400","79.7","21185","Oldham","{""21185"": 100}","Oldham","21185","FALSE","FALSE","America/New_York"
"40031","38.42617","-85.39368","La Grange","KY","Kentucky","TRUE","","25163","145.2","21185","Oldham","{""21185"": 93.55, ""21103"": 6.45}","Oldham|Henry","21185|21103","FALSE","FALSE","America/New_York"
"40033","37.55935","-85.23928","Lebanon","KY","Kentucky","TRUE","","11827","32.5","21155","Marion","{""21155"": 97.83, ""21229"": 2.17}","Marion|Washington","21155|21229","FALSE","FALSE","America/New_York"
"40036","38.44317","-84.97272","Lockport","KY","Kentucky","TRUE","","291","4.2","21103","Henry","{""21103"": 100}","Henry","21103","FALSE","FALSE","America/New_York"
"40037","37.65409","-85.41196","Loretto","KY","Kentucky","TRUE","","2827","21.8","21155","Marion","{""21155"": 87.97, ""21179"": 11.47, ""21229"": 0.56}","Marion|Nelson|Washington","21155|21179|21229","FALSE","FALSE","America/New_York"
"40040","37.77433","-85.05727","Mackville","KY","Kentucky","TRUE","","460","9.9","21229","Washington","{""21229"": 100}","Washington","21229","FALSE","FALSE","America/New_York"
"40041","38.25615","-85.66475","Masonic Home","KY","Kentucky","TRUE","","361","1071.9","21111","Jefferson","{""21111"": 100}","Jefferson","21111","FALSE","FALSE","America/New_York"
"40045","38.69376","-85.35641","Milton","KY","Kentucky","TRUE","","3124","23.1","21223","Trimble","{""21223"": 72.32, ""21041"": 27.68}","Trimble|Carroll","21223|21041","FALSE","FALSE","America/New_York"
"40046","38.02324","-85.17729","Mount Eden","KY","Kentucky","TRUE","","1504","11.8","21215","Spencer","{""21215"": 76.18, ""21005"": 16.73, ""21211"": 7.09}","Spencer|Anderson|Shelby","21215|21005|21211","FALSE","FALSE","America/New_York"
"40047","38.04007","-85.55453","Mount Washington","KY","Kentucky","TRUE","","21971","283.8","21029","Bullitt","{""21029"": 95.35, ""21215"": 4.27, ""21111"": 0.38}","Bullitt|Spencer|Jefferson","21029|21215|21111","FALSE","FALSE","America/New_York"
"40049","37.66442","-85.39724","Nerinx","KY","Kentucky","TRUE","","107","129.5","21155","Marion","{""21155"": 100}","Marion","21155","FALSE","FALSE","America/New_York"
"40050","38.44596","-85.17753","New Castle","KY","Kentucky","TRUE","","1823","40.8","21103","Henry","{""21103"": 100}","Henry","21103","FALSE","FALSE","America/New_York"
"40051","37.65293","-85.57949","New Haven","KY","Kentucky","TRUE","","4739","20.2","21179","Nelson","{""21179"": 68.21, ""21123"": 28.56, ""21093"": 3.23}","Nelson|Larue|Hardin","21179|21123|21093","FALSE","FALSE","America/New_York"
"40052","37.58417","-85.51154","New Hope","KY","Kentucky","TRUE","","497","8.4","21179","Nelson","{""21179"": 44.91, ""21123"": 37.02, ""21155"": 18.07}","Nelson|Larue|Marion","21179|21123|21155","FALSE","FALSE","America/New_York"
"40055","38.49889","-85.32867","Pendleton","KY","Kentucky","TRUE","","2364","38.7","21223","Trimble","{""21223"": 47.67, ""21103"": 29.58, ""21185"": 22.76}","Trimble|Henry|Oldham","21223|21103|21185","FALSE","FALSE","America/New_York"
"40056","38.30654","-85.48784","Pewee Valley","KY","Kentucky","TRUE","","3453","451.6","21185","Oldham","{""21185"": 100}","Oldham","21185","FALSE","FALSE","America/New_York"
"40057","38.38636","-85.0491","Pleasureville","KY","Kentucky","TRUE","","3894","15.9","21103","Henry","{""21103"": 80.26, ""21211"": 19.74}","Henry|Shelby","21103|21211","FALSE","FALSE","America/New_York"
"40058","38.43265","-85.17002","Port Royal","KY","Kentucky","TRUE","","27","527.0","21103","Henry","{""21103"": 100}","Henry","21103","FALSE","FALSE","America/New_York"
"40059","38.35784","-85.58441","Prospect","KY","Kentucky","TRUE","","20205","276.9","21185","Oldham","{""21185"": 60.62, ""21111"": 39.38}","Oldham|Jefferson","21185|21111","FALSE","FALSE","America/New_York"
"40060","37.53529","-85.44371","Raywick","KY","Kentucky","TRUE","","1304","12.1","21155","Marion","{""21155"": 100}","Marion","21155","FALSE","FALSE","America/New_York"
"40061","37.70954","-85.26353","Saint Catharine","KY","Kentucky","TRUE","","317","998.3","21229","Washington","{""21229"": 100}","Washington","21229","FALSE","FALSE","America/New_York"
"40062","37.59969","-85.43161","Saint Francis","KY","Kentucky","TRUE","","197","13.3","21155","Marion","{""21155"": 100}","Marion","21155","FALSE","FALSE","America/New_York"
"40063","37.57052","-85.34336","Saint Mary","KY","Kentucky","TRUE","","615","3168.1","21155","Marion","{""21155"": 100}","Marion","21155","FALSE","FALSE","America/New_York"
"40065","38.21225","-85.20734","Shelbyville","KY","Kentucky","TRUE","","30682","70.7","21211","Shelby","{""21211"": 99.53, ""21215"": 0.47}","Shelby|Spencer","21211|21215","FALSE","FALSE","America/New_York"
"40067","38.2269","-85.364","Simpsonville","KY","Kentucky","TRUE","","6287","55.8","21211","Shelby","{""21211"": 100}","Shelby","21211","FALSE","FALSE","America/New_York"
"40068","38.38933","-85.27131","Smithfield","KY","Kentucky","TRUE","","2665","23.8","21103","Henry","{""21103"": 68.97, ""21211"": 16.7, ""21185"": 14.33}","Henry|Shelby|Oldham","21103|21211|21185","FALSE","FALSE","America/New_York"
"40069","37.71627","-85.21764","Springfield","KY","Kentucky","TRUE","","7843","16.0","21229","Washington","{""21229"": 97.73, ""21155"": 2.27}","Washington|Marion","21229|21155","FALSE","FALSE","America/New_York"
"40070","38.47969","-85.24405","Sulphur","KY","Kentucky","TRUE","","432","13.3","21103","Henry","{""21103"": 100}","Henry","21103","FALSE","FALSE","America/New_York"
"40071","38.04327","-85.37069","Taylorsville","KY","Kentucky","TRUE","","16050","51.1","21215","Spencer","{""21215"": 93.87, ""21029"": 5.02, ""21211"": 1.11}","Spencer|Bullitt|Shelby","21215|21029|21211","FALSE","FALSE","America/New_York"
"40075","38.56169","-85.11346","Turners Station","KY","Kentucky","TRUE","","992","7.9","21103","Henry","{""21103"": 78.81, ""21041"": 21.19}","Henry|Carroll","21103|21041","FALSE","FALSE","America/New_York"
"40076","38.11301","-85.08671","Waddy","KY","Kentucky","TRUE","","3270","22.1","21211","Shelby","{""21211"": 86.89, ""21005"": 8.58, ""21073"": 3.77, ""21215"": 0.76}","Shelby|Anderson|Franklin|Spencer","21211|21005|21073|21215","FALSE","FALSE","America/New_York"
"40077","38.49996","-85.43768","Westport","KY","Kentucky","TRUE","","568","28.2","21185","Oldham","{""21185"": 100}","Oldham","21185","FALSE","FALSE","America/New_York"
"40078","37.84272","-85.14902","Willisburg","KY","Kentucky","TRUE","","2861","18.1","21229","Washington","{""21229"": 100}","Washington","21229","FALSE","FALSE","America/New_York"
"40104","38.09012","-86.34053","Battletown","KY","Kentucky","TRUE","","1080","6.9","21163","Meade","{""21163"": 100}","Meade","21163","FALSE","FALSE","America/New_York"
"40107","37.76952","-85.63798","Boston","KY","Kentucky","TRUE","","2269","16.6","21179","Nelson","{""21179"": 100}","Nelson","21179","FALSE","FALSE","America/New_York"
"40108","37.96964","-86.16791","Brandenburg","KY","Kentucky","TRUE","","12717","71.1","21163","Meade","{""21163"": 100}","Meade","21163","FALSE","FALSE","America/New_York"
"40109","38.05857","-85.75469","Brooks","KY","Kentucky","TRUE","","2271","65.5","21029","Bullitt","{""21029"": 97.01, ""21111"": 2.99}","Bullitt|Jefferson","21029|21111","FALSE","FALSE","America/New_York"
"40110","37.93478","-85.64015","Clermont","KY","Kentucky","TRUE","","459","35.5","21029","Bullitt","{""21029"": 100}","Bullitt","21029","FALSE","FALSE","America/New_York"
"40111","37.77881","-86.62881","Cloverport","KY","Kentucky","TRUE","","1872","21.3","21027","Breckinridge","{""21027"": 100}","Breckinridge","21027","FALSE","FALSE","America/Chicago"
"40115","37.73784","-86.22707","Custer","KY","Kentucky","TRUE","","853","18.6","21027","Breckinridge","{""21027"": 100}","Breckinridge","21027","FALSE","FALSE","America/Chicago"
"40117","37.89919","-86.1247","Ekron","KY","Kentucky","TRUE","","2493","45.6","21163","Meade","{""21163"": 100}","Meade","21163","FALSE","FALSE","America/New_York"
"40118","38.09805","-85.75572","Fairdale","KY","Kentucky","TRUE","","9751","250.6","21111","Jefferson","{""21111"": 100}","Jefferson","21111","FALSE","FALSE","America/New_York"
"40119","37.60799","-86.54925","Falls Of Rough","KY","Kentucky","TRUE","","2045","7.3","21027","Breckinridge","{""21027"": 53.12, ""21085"": 42.45, ""21183"": 4.43}","Breckinridge|Grayson|Ohio","21027|21085|21183","FALSE","FALSE","America/Chicago"
"40121","37.92614","-85.95292","Fort Knox","KY","Kentucky","TRUE","","8916","97.8","21093","Hardin","{""21093"": 84.08, ""21163"": 15.92}","Hardin|Meade","21093|21163","FALSE","FALSE","America/New_York"
"40140","37.71867","-86.29047","Garfield","KY","Kentucky","TRUE","","641","9.2","21027","Breckinridge","{""21027"": 96.35, ""21093"": 3.65}","Breckinridge|Hardin","21027|21093","FALSE","FALSE","America/Chicago"
"40142","37.88898","-86.21095","Guston","KY","Kentucky","TRUE","","2104","18.0","21163","Meade","{""21163"": 93.55, ""21027"": 6.45}","Meade|Breckinridge","21163|21027","FALSE","FALSE","America/New_York"
"40143","37.78541","-86.50507","Hardinsburg","KY","Kentucky","TRUE","","6352","17.3","21027","Breckinridge","{""21027"": 100}","Breckinridge","21027","FALSE","FALSE","America/Chicago"
"40144","37.75899","-86.37732","Harned","KY","Kentucky","TRUE","","1102","7.5","21027","Breckinridge","{""21027"": 100}","Breckinridge","21027","FALSE","FALSE","America/Chicago"
"40145","37.64607","-86.32019","Hudson","KY","Kentucky","TRUE","","760","7.8","21027","Breckinridge","{""21027"": 99.81, ""21093"": 0.19}","Breckinridge|Hardin","21027|21093","FALSE","FALSE","America/Chicago"
"40146","37.84622","-86.31954","Irvington","KY","Kentucky","TRUE","","3722","19.1","21027","Breckinridge","{""21027"": 96.67, ""21163"": 3.33}","Breckinridge|Meade","21027|21163","FALSE","FALSE","America/Chicago"
"40150","37.87458","-85.68799","Lebanon Junction","KY","Kentucky","TRUE","","4756","29.9","21029","Bullitt","{""21029"": 96.05, ""21093"": 3.95}","Bullitt|Hardin","21029|21093","FALSE","FALSE","America/New_York"
"40152","37.61389","-86.44185","McDaniels","KY","Kentucky","TRUE","","847","32.9","21027","Breckinridge","{""21027"": 100}","Breckinridge","21027","FALSE","FALSE","America/Chicago"
"40155","37.94684","-85.99303","Muldraugh","KY","Kentucky","TRUE","","1131","345.1","21163","Meade","{""21163"": 100}","Meade","21163","FALSE","FALSE","America/New_York"
"40157","38.02111","-86.37694","Payneville","KY","Kentucky","TRUE","","909","10.9","21163","Meade","{""21163"": 89.66, ""21027"": 10.34}","Meade|Breckinridge","21163|21027","FALSE","FALSE","America/New_York"
"40160","37.8144","-85.93971","Radcliff","KY","Kentucky","TRUE","","23234","523.6","21093","Hardin","{""21093"": 100}","Hardin","21093","FALSE","FALSE","America/New_York"
"40161","38.00422","-86.39887","Rhodelia","KY","Kentucky","TRUE","","173","8.9","21163","Meade","{""21163"": 99.16, ""21027"": 0.84}","Meade|Breckinridge","21163|21027","FALSE","FALSE","America/New_York"
"40162","37.7517","-86.04394","Rineyville","KY","Kentucky","TRUE","","5223","41.0","21093","Hardin","{""21093"": 100}","Hardin","21093","FALSE","FALSE","America/New_York"
"40165","37.99407","-85.68918","Shepherdsville","KY","Kentucky","TRUE","","37006","126.2","21029","Bullitt","{""21029"": 100}","Bullitt","21029","FALSE","FALSE","America/New_York"
"40170","37.96479","-86.49607","Stephensport","KY","Kentucky","TRUE","","472","8.0","21027","Breckinridge","{""21027"": 100}","Breckinridge","21027","FALSE","FALSE","America/Chicago"
"40171","37.96435","-86.43577","Union Star","KY","Kentucky","TRUE","","181","3.5","21027","Breckinridge","{""21027"": 99.69, ""21163"": 0.31}","Breckinridge|Meade","21027|21163","FALSE","FALSE","America/Chicago"
"40175","37.81907","-86.08635","Vine Grove","KY","Kentucky","TRUE","","15568","74.5","21163","Meade","{""21163"": 45.95, ""21093"": 34.67, ""21027"": 19.38}","Meade|Hardin|Breckinridge","21163|21093|21027","FALSE","FALSE","America/New_York"
"40176","37.92377","-86.34652","Webster","KY","Kentucky","TRUE","","896","9.5","21027","Breckinridge","{""21027"": 64.32, ""21163"": 35.68}","Breckinridge|Meade","21027|21163","FALSE","FALSE","America/Chicago"
"40177","38.0009","-85.92502","West Point","KY","Kentucky","TRUE","","1632","40.7","21029","Bullitt","{""21029"": 48.44, ""21093"": 44.37, ""21111"": 7.19}","Bullitt|Hardin|Jefferson","21029|21093|21111","FALSE","FALSE","America/New_York"
"40178","37.65834","-86.40853","Westview","KY","Kentucky","TRUE","","476","22.5","21027","Breckinridge","{""21027"": 100}","Breckinridge","21027","FALSE","FALSE","America/Chicago"
"40202","38.25288","-85.75205","Louisville","KY","Kentucky","TRUE","","7444","1780.0","21111","Jefferson","{""21111"": 100}","Jefferson","21111","FALSE","FALSE","America/Kentucky/Louisville"
"40203","38.24722","-85.765","Louisville","KY","Kentucky","TRUE","","17263","2302.1","21111","Jefferson","{""21111"": 100}","Jefferson","21111","FALSE","FALSE","America/Kentucky/Louisville"
"40204","38.23873","-85.7208","Louisville","KY","Kentucky","TRUE","","14591","1775.1","21111","Jefferson","{""21111"": 100}","Jefferson","21111","FALSE","FALSE","America/New_York"
"40205","38.22313","-85.68275","Louisville","KY","Kentucky","TRUE","","25161","1410.6","21111","Jefferson","{""21111"": 100}","Jefferson","21111","FALSE","FALSE","America/New_York"
"40206","38.25788","-85.70205","Louisville","KY","Kentucky","TRUE","","20836","1377.0","21111","Jefferson","{""21111"": 100}","Jefferson","21111","FALSE","FALSE","America/New_York"
"40207","38.26357","-85.65543","Louisville","KY","Kentucky","TRUE","","29359","965.8","21111","Jefferson","{""21111"": 100}","Jefferson","21111","FALSE","FALSE","America/New_York"
"40208","38.2176","-85.7659","Louisville","KY","Kentucky","TRUE","","15270","2259.6","21111","Jefferson","{""21111"": 100}","Jefferson","21111","FALSE","FALSE","America/New_York"
"40209","38.18492","-85.74372","Louisville","KY","Kentucky","TRUE","","465","41.5","21111","Jefferson","{""21111"": 100}","Jefferson","21111","FALSE","FALSE","America/New_York"
"40210","38.23161","-85.78592","Louisville","KY","Kentucky","TRUE","","14746","1793.6","21111","Jefferson","{""21111"": 100}","Jefferson","21111","FALSE","FALSE","America/Kentucky/Louisville"
"40211","38.23425","-85.82147","Louisville","KY","Kentucky","TRUE","","22167","1170.9","21111","Jefferson","{""21111"": 100}","Jefferson","21111","FALSE","FALSE","America/Kentucky/Louisville"
"40212","38.26787","-85.80256","Louisville","KY","Kentucky","TRUE","","16548","1668.5","21111","Jefferson","{""21111"": 100}","Jefferson","21111","FALSE","FALSE","America/Kentucky/Louisville"
"40213","38.177","-85.71571","Louisville","KY","Kentucky","TRUE","","15749","634.8","21111","Jefferson","{""21111"": 100}","Jefferson","21111","FALSE","FALSE","America/New_York"
"40214","38.15141","-85.78285","Louisville","KY","Kentucky","TRUE","","47339","1221.1","21111","Jefferson","{""21111"": 100}","Jefferson","21111","FALSE","FALSE","America/New_York"
"40215","38.19052","-85.78555","Louisville","KY","Kentucky","TRUE","","20042","2216.9","21111","Jefferson","{""21111"": 100}","Jefferson","21111","FALSE","FALSE","America/New_York"
"40216","38.18707","-85.83738","Louisville","KY","Kentucky","TRUE","","43749","1079.1","21111","Jefferson","{""21111"": 100}","Jefferson","21111","FALSE","FALSE","America/Kentucky/Louisville"
"40217","38.21689","-85.73725","Louisville","KY","Kentucky","TRUE","","12029","1936.4","21111","Jefferson","{""21111"": 100}","Jefferson","21111","FALSE","FALSE","America/New_York"
"40218","38.19036","-85.65698","Louisville","KY","Kentucky","TRUE","","33779","1449.2","21111","Jefferson","{""21111"": 100}","Jefferson","21111","FALSE","FALSE","America/New_York"
"40219","38.13907","-85.68877","Louisville","KY","Kentucky","TRUE","","38589","1002.7","21111","Jefferson","{""21111"": 100}","Jefferson","21111","FALSE","FALSE","America/New_York"
"40220","38.21535","-85.61794","Louisville","KY","Kentucky","TRUE","","34723","1750.6","21111","Jefferson","{""21111"": 100}","Jefferson","21111","FALSE","FALSE","America/New_York"
"40221","38.18644","-85.75302","Louisville","KY","Kentucky","TRUE","","0","0.0","21111","Jefferson","{""21111"": 100}","Jefferson","21111","FALSE","FALSE","America/New_York"
"40222","38.26436","-85.61173","Louisville","KY","Kentucky","TRUE","","21622","883.0","21111","Jefferson","{""21111"": 100}","Jefferson","21111","FALSE","FALSE","America/New_York"
"40223","38.26153","-85.54328","Louisville","KY","Kentucky","TRUE","","23739","760.3","21111","Jefferson","{""21111"": 100}","Jefferson","21111","FALSE","FALSE","America/New_York"
"40228","38.13931","-85.62947","Louisville","KY","Kentucky","TRUE","","17852","795.7","21111","Jefferson","{""21111"": 100}","Jefferson","21111","FALSE","FALSE","America/New_York"
"40229","38.09074","-85.65597","Louisville","KY","Kentucky","TRUE","","39658","874.5","21111","Jefferson","{""21111"": 70.65, ""21029"": 29.35}","Jefferson|Bullitt","21111|21029","FALSE","FALSE","America/New_York"
"40231","38.19551","-85.69523","Louisville","KY","Kentucky","TRUE","","0","0.0","21111","Jefferson","{""21111"": 100}","Jefferson","21111","FALSE","FALSE","America/New_York"
"40241","38.30339","-85.5774","Louisville","KY","Kentucky","TRUE","","30189","890.1","21111","Jefferson","{""21111"": 97.84, ""21185"": 2.16}","Jefferson|Oldham","21111|21185","FALSE","FALSE","America/New_York"
"40242","38.27639","-85.59042","Louisville","KY","Kentucky","TRUE","","10982","1482.8","21111","Jefferson","{""21111"": 100}","Jefferson","21111","FALSE","FALSE","America/New_York"
"40243","38.23917","-85.53188","Louisville","KY","Kentucky","TRUE","","11953","1123.4","21111","Jefferson","{""21111"": 100}","Jefferson","21111","FALSE","FALSE","America/New_York"
"40245","38.26574","-85.45327","Louisville","KY","Kentucky","TRUE","","37503","444.7","21111","Jefferson","{""21111"": 72.07, ""21211"": 27.34, ""21185"": 0.59}","Jefferson|Shelby|Oldham","21111|21211|21185","FALSE","FALSE","America/New_York"
"40258","38.14514","-85.87253","Louisville","KY","Kentucky","TRUE","","27430","907.0","21111","Jefferson","{""21111"": 100}","Jefferson","21111","FALSE","FALSE","America/Kentucky/Louisville"
"40272","38.08291","-85.85315","Louisville","KY","Kentucky","TRUE","","38815","450.3","21111","Jefferson","{""21111"": 95.67, ""21029"": 4.33}","Jefferson|Bullitt","21111|21029","FALSE","FALSE","America/New_York"
"40280","38.24764","-85.68704","Louisville","KY","Kentucky","TRUE","","263","1436.2","21111","Jefferson","{""21111"": 100}","Jefferson","21111","FALSE","FALSE","America/New_York"
"40291","38.1275","-85.57823","Louisville","KY","Kentucky","TRUE","","39447","673.0","21111","Jefferson","{""21111"": 100}","Jefferson","21111","FALSE","FALSE","America/New_York"
"40299","38.16319","-85.51613","Louisville","KY","Kentucky","TRUE","","41448","296.5","21111","Jefferson","{""21111"": 99.38, ""21029"": 0.62}","Jefferson|Bullitt","21111|21029","FALSE","FALSE","America/New_York"
"40310","37.752","-84.76941","Burgin","KY","Kentucky","TRUE","","599","406.7","21167","Mercer","{""21167"": 100}","Mercer","21167","FALSE","FALSE","America/New_York"
"40311","38.32407","-84.02256","Carlisle","KY","Kentucky","TRUE","","7472","17.0","21181","Nicholas","{""21181"": 89.33, ""21017"": 9.51, ""21011"": 0.91, ""21201"": 0.25}","Nicholas|Bourbon|Bath|Robertson","21181|21017|21011|21201","FALSE","FALSE","America/New_York"
"40312","37.84386","-83.93013","Clay City","KY","Kentucky","TRUE","","5533","37.6","21197","Powell","{""21197"": 100}","Powell","21197","FALSE","FALSE","America/New_York"
"40313","38.13215","-83.38973","Clearfield","KY","Kentucky","TRUE","","2733","38.1","21205","Rowan","{""21205"": 100}","Rowan","21205","FALSE","FALSE","America/New_York"
"40316","37.93419","-83.52895","Denniston","KY","Kentucky","TRUE","","549","23.9","21165","Menifee","{""21165"": 100}","Menifee","21165","FALSE","FALSE","America/New_York"
"40322","37.93367","-83.63329","Frenchburg","KY","Kentucky","TRUE","","3023","10.5","21165","Menifee","{""21165"": 100}","Menifee","21165","FALSE","FALSE","America/New_York"
"40324","38.24786","-84.54956","Georgetown","KY","Kentucky","TRUE","","49958","124.3","21209","Scott","{""21209"": 96.06, ""21017"": 2.2, ""21067"": 1.74}","Scott|Bourbon|Fayette","21209|21017|21067","FALSE","FALSE","America/New_York"
"40328","37.56632","-85.02565","Gravel Switch","KY","Kentucky","TRUE","","1020","6.5","21155","Marion","{""21155"": 39.24, ""21021"": 33.85, ""21045"": 26.91}","Marion|Boyle|Casey","21155|21021|21045","FALSE","FALSE","America/New_York"
"40330","37.78912","-84.89016","Harrodsburg","KY","Kentucky","TRUE","","19992","35.0","21167","Mercer","{""21167"": 88.39, ""21229"": 11.61}","Mercer|Washington","21167|21229","FALSE","FALSE","America/New_York"
"40334","38.0197","-83.74943","Hope","KY","Kentucky","TRUE","","15","4.9","21011","Bath","{""21011"": 100}","Bath","21011","FALSE","FALSE","America/New_York"
"40336","37.68352","-83.9832","Irvine","KY","Kentucky","TRUE","","12644","23.3","21065","Estill","{""21065"": 94.02, ""21129"": 4.25, ""21109"": 1.73}","Estill|Lee|Jackson","21065|21129|21109","FALSE","FALSE","America/New_York"
"40337","37.95286","-83.85644","Jeffersonville","KY","Kentucky","TRUE","","5913","40.5","21173","Montgomery","{""21173"": 100}","Montgomery","21173","FALSE","FALSE","America/New_York"
"40339","37.94313","-84.64107","Keene","KY","Kentucky","TRUE","","243","763.5","21113","Jessamine","{""21113"": 100}","Jessamine","21113","FALSE","FALSE","America/New_York"
"40342","38.0036","-84.9837","Lawrenceburg","KY","Kentucky","TRUE","","23073","48.1","21005","Anderson","{""21005"": 99.14, ""21167"": 0.45, ""21211"": 0.41}","Anderson|Mercer|Shelby","21005|21167|21211","FALSE","FALSE","America/New_York"
"40346","37.98339","-83.74384","Means","KY","Kentucky","TRUE","","774","15.8","21165","Menifee","{""21165"": 64.06, ""21011"": 20.07, ""21173"": 15.87}","Menifee|Bath|Montgomery","21165|21011|21173","FALSE","FALSE","America/New_York"
"40347","38.15794","-84.71915","Midway","KY","Kentucky","TRUE","","3802","36.2","21239","Woodford","{""21239"": 76.15, ""21073"": 12.65, ""21209"": 11.2}","Woodford|Franklin|Scott","21239|21073|21209","FALSE","FALSE","America/New_York"
"40348","38.30296","-84.14613","Millersburg","KY","Kentucky","TRUE","","620","392.2","21017","Bourbon","{""21017"": 100}","Bourbon","21017","FALSE","FALSE","America/New_York"
"40350","38.30512","-83.87881","Moorefield","KY","Kentucky","TRUE","","81","2.2","21181","Nicholas","{""21181"": 100}","Nicholas","21181","FALSE","FALSE","America/New_York"
"40351","38.19817","-83.4133","Morehead","KY","Kentucky","TRUE","","22539","32.4","21205","Rowan","{""21205"": 94.01, ""21063"": 5.69, ""21043"": 0.3}","Rowan|Elliott|Carter","21205|21063|21043","FALSE","FALSE","America/New_York"
"40353","38.06514","-83.94853","Mount Sterling","KY","Kentucky","TRUE","","21942","60.0","21173","Montgomery","{""21173"": 93.47, ""21049"": 5.79, ""21011"": 0.61, ""21017"": 0.13}","Montgomery|Clark|Bath|Bourbon","21173|21049|21011|21017","FALSE","FALSE","America/New_York"
"40355","38.61023","-84.86535","New Liberty","KY","Kentucky","TRUE","","112","3.9","21187","Owen","{""21187"": 100}","Owen","21187","FALSE","FALSE","America/New_York"
"40356","37.87307","-84.56554","Nicholasville","KY","Kentucky","TRUE","","44241","122.5","21113","Jessamine","{""21113"": 100}","Jessamine","21113","FALSE","FALSE","America/New_York"
"40357","38.14519","-84.10843","North Middletown","KY","Kentucky","TRUE","","158","1594.0","21017","Bourbon","{""21017"": 100}","Bourbon","21017","FALSE","FALSE","America/New_York"
"40358","38.05769","-83.6831","Olympia","KY","Kentucky","TRUE","","1099","24.7","21011","Bath","{""21011"": 100}","Bath","21011","FALSE","FALSE","America/New_York"
"40359","38.48224","-84.8209","Owenton","KY","Kentucky","TRUE","","6921","12.3","21187","Owen","{""21187"": 100}","Owen","21187","FALSE","FALSE","America/New_York"
"40360","38.15665","-83.76679","Owingsville","KY","Kentucky","TRUE","","7055","18.4","21011","Bath","{""21011"": 96.04, ""21173"": 3.96}","Bath|Montgomery","21011|21173","FALSE","FALSE","America/New_York"
"40361","38.20536","-84.22415","Paris","KY","Kentucky","TRUE","","18280","27.5","21017","Bourbon","{""21017"": 97.73, ""21097"": 1.18, ""21067"": 0.8, ""21181"": 0.29}","Bourbon|Harrison|Fayette|Nicholas","21017|21097|21067|21181","FALSE","FALSE","America/New_York"
"40363","38.51439","-85.00976","Perry Park","KY","Kentucky","TRUE","","15","277.6","21187","Owen","{""21187"": 100}","Owen","21187","FALSE","FALSE","America/New_York"
"40370","38.39382","-84.52971","Sadieville","KY","Kentucky","TRUE","","2539","12.0","21209","Scott","{""21209"": 77.62, ""21097"": 22.38}","Scott|Harrison","21209|21097","FALSE","FALSE","America/New_York"
"40371","38.07716","-83.59561","Salt Lick","KY","Kentucky","TRUE","","3023","15.0","21011","Bath","{""21011"": 78.75, ""21165"": 21.25}","Bath|Menifee","21011|21165","FALSE","FALSE","America/New_York"
"40372","37.90899","-84.88537","Salvisa","KY","Kentucky","TRUE","","2580","18.5","21167","Mercer","{""21167"": 94.47, ""21005"": 5.53}","Mercer|Anderson","21167|21005","FALSE","FALSE","America/New_York"
"40374","38.21419","-83.90359","Sharpsburg","KY","Kentucky","TRUE","","2198","13.8","21011","Bath","{""21011"": 83.93, ""21181"": 11.76, ""21017"": 4.31}","Bath|Nicholas|Bourbon","21011|21181|21017","FALSE","FALSE","America/New_York"
"40376","37.7839","-83.69604","Slade","KY","Kentucky","TRUE","","26","1.1","21197","Powell","{""21197"": 100}","Powell","21197","FALSE","FALSE","America/New_York"
"40379","38.30778","-84.68992","Stamping Ground","KY","Kentucky","TRUE","","3755","22.1","21209","Scott","{""21209"": 90.02, ""21073"": 6.74, ""21187"": 3.24}","Scott|Franklin|Owen","21209|21073|21187","FALSE","FALSE","America/New_York"
"40380","37.81965","-83.78006","Stanton","KY","Kentucky","TRUE","","7507","23.8","21197","Powell","{""21197"": 92.4, ""21065"": 7.6}","Powell|Estill","21197|21065","FALSE","FALSE","America/New_York"
"40383","38.01022","-84.73919","Versailles","KY","Kentucky","TRUE","","24392","62.6","21239","Woodford","{""21239"": 97.17, ""21113"": 2.83}","Woodford|Jessamine","21239|21113","FALSE","FALSE","America/New_York"
"40385","37.73866","-84.13085","Waco","KY","Kentucky","TRUE","","2469","20.9","21151","Madison","{""21151"": 100}","Madison","21151","FALSE","FALSE","America/New_York"
"40387","37.93494","-83.49027","Wellington","KY","Kentucky","TRUE","","1887","10.6","21165","Menifee","{""21165"": 77.61, ""21175"": 22.39}","Menifee|Morgan","21165|21175","FALSE","FALSE","America/New_York"
"40390","37.85407","-84.67075","Wilmore","KY","Kentucky","TRUE","","7372","115.2","21113","Jessamine","{""21113"": 100}","Jessamine","21113","FALSE","FALSE","America/New_York"
"40391","37.96969","-84.14507","Winchester","KY","Kentucky","TRUE","","36388","59.2","21049","Clark","{""21049"": 99.35, ""21067"": 0.65}","Clark|Fayette","21049|21067","FALSE","FALSE","America/New_York"
"40402","37.29663","-83.97008","Annville","KY","Kentucky","TRUE","","2069","16.5","21109","Jackson","{""21109"": 100}","Jackson","21109","FALSE","FALSE","America/New_York"
"40403","37.57052","-84.26622","Berea","KY","Kentucky","TRUE","","25628","89.1","21151","Madison","{""21151"": 76.54, ""21079"": 14.37, ""21203"": 9.09}","Madison|Garrard|Rockcastle","21151|21079|21203","FALSE","FALSE","America/New_York"
"40404","37.57311","-84.29037","Berea","KY","Kentucky","TRUE","","1329","2597.1","21151","Madison","{""21151"": 100}","Madison","21151","FALSE","FALSE","America/New_York"
"40409","37.37667","-84.42971","Brodhead","KY","Kentucky","TRUE","","3623","31.2","21203","Rockcastle","{""21203"": 94.47, ""21137"": 3.43, ""21199"": 2.1}","Rockcastle|Lincoln|Pulaski","21203|21137|21199","FALSE","FALSE","America/New_York"
"40419","37.44791","-84.49204","Crab Orchard","KY","Kentucky","TRUE","","4478","18.2","21137","Lincoln","{""21137"": 55.75, ""21079"": 20.82, ""21203"": 18.26, ""21199"": 5.17}","Lincoln|Garrard|Rockcastle|Pulaski","21137|21079|21203|21199","FALSE","FALSE","America/New_York"
"40422","37.64235","-84.80488","Danville","KY","Kentucky","TRUE","","25455","90.8","21021","Boyle","{""21021"": 94.3, ""21137"": 5.7}","Boyle|Lincoln","21021|21137","FALSE","FALSE","America/New_York"
"40434","37.39364","-83.93949","Gray Hawk","KY","Kentucky","TRUE","","0","0.0","21109","Jackson","{""21109"": 100}","Jackson","21109","FALSE","FALSE","America/New_York"
"40437","37.44531","-84.85486","Hustonville","KY","Kentucky","TRUE","","5049","18.1","21045","Casey","{""21045"": 52.36, ""21137"": 47.64}","Casey|Lincoln","21045|21137","FALSE","FALSE","America/New_York"
"40440","37.57628","-84.8322","Junction City","KY","Kentucky","TRUE","","2521","73.7","21021","Boyle","{""21021"": 99.88, ""21137"": 0.12}","Boyle|Lincoln","21021|21137","FALSE","FALSE","America/New_York"
"40442","37.35205","-84.72868","Kings Mountain","KY","Kentucky","TRUE","","612","8.9","21137","Lincoln","{""21137"": 53.85, ""21045"": 46.15}","Lincoln|Casey","21137|21045","FALSE","FALSE","America/New_York"
"40444","37.67893","-84.58819","Lancaster","KY","Kentucky","TRUE","","13965","33.8","21079","Garrard","{""21079"": 96.57, ""21137"": 3.43}","Garrard|Lincoln","21079|21137","FALSE","FALSE","America/New_York"
"40445","37.3125","-84.21159","Livingston","KY","Kentucky","TRUE","","716","5.7","21203","Rockcastle","{""21203"": 100}","Rockcastle","21203","FALSE","FALSE","America/New_York"
"40447","37.45496","-84.0299","McKee","KY","Kentucky","TRUE","","7516","11.9","21109","Jackson","{""21109"": 94.52, ""21189"": 4.13, ""21065"": 0.68, ""21203"": 0.67}","Jackson|Owsley|Estill|Rockcastle","21109|21189|21065|21203","FALSE","FALSE","America/New_York"
"40448","37.45624","-84.75799","McKinney","KY","Kentucky","TRUE","","0","0.0","21137","Lincoln","{""21137"": 100}","Lincoln","21137","FALSE","FALSE","America/New_York"
"40456","37.3538","-84.32099","Mount Vernon","KY","Kentucky","TRUE","","8778","20.8","21203","Rockcastle","{""21203"": 100}","Rockcastle","21203","FALSE","FALSE","America/New_York"
"40460","37.39385","-84.23985","Orlando","KY","Kentucky","TRUE","","1109","12.8","21203","Rockcastle","{""21203"": 100}","Rockcastle","21203","FALSE","FALSE","America/New_York"
"40461","37.59014","-84.40849","Paint Lick","KY","Kentucky","TRUE","","2410","16.7","21079","Garrard","{""21079"": 65.15, ""21151"": 34.85}","Garrard|Madison","21079|21151","FALSE","FALSE","America/New_York"
"40464","37.55579","-84.91148","Parksville","KY","Kentucky","TRUE","","930","12.1","21021","Boyle","{""21021"": 72.12, ""21045"": 27.88}","Boyle|Casey","21021|21045","FALSE","FALSE","America/New_York"
"40468","37.65158","-84.98782","Perryville","KY","Kentucky","TRUE","","2138","27.9","21021","Boyle","{""21021"": 79.21, ""21229"": 14.15, ""21167"": 6.64}","Boyle|Washington|Mercer","21021|21229|21167","FALSE","FALSE","America/New_York"
"40472","37.71841","-83.87562","Ravenna","KY","Kentucky","TRUE","","1507","12.9","21065","Estill","{""21065"": 100}","Estill","21065","FALSE","FALSE","America/New_York"
"40475","37.7635","-84.30828","Richmond","KY","Kentucky","TRUE","","63835","85.8","21151","Madison","{""21151"": 100}","Madison","21151","FALSE","FALSE","America/New_York"
"40481","37.42658","-84.09116","Sandgap","KY","Kentucky","TRUE","","310","7.2","21109","Jackson","{""21109"": 100}","Jackson","21109","FALSE","FALSE","America/New_York"
"40484","37.5153","-84.676","Stanford","KY","Kentucky","TRUE","","12547","34.7","21137","Lincoln","{""21137"": 96.45, ""21079"": 2.69, ""21045"": 0.86}","Lincoln|Garrard|Casey","21137|21079|21045","FALSE","FALSE","America/New_York"
"40486","37.37238","-83.86123","Tyner","KY","Kentucky","TRUE","","3216","24.1","21109","Jackson","{""21109"": 90.5, ""21189"": 8.05, ""21051"": 1.45}","Jackson|Owsley|Clay","21109|21189|21051","FALSE","FALSE","America/New_York"
"40489","37.36629","-84.64435","Waynesburg","KY","Kentucky","TRUE","","4384","26.0","21137","Lincoln","{""21137"": 85.54, ""21045"": 14.46}","Lincoln|Casey","21137|21045","FALSE","FALSE","America/New_York"
"40502","38.01376","-84.48189","Lexington","KY","Kentucky","TRUE","","26996","1458.5","21067","Fayette","{""21067"": 100}","Fayette","21067","FALSE","FALSE","America/New_York"
"40503","38.0047","-84.53434","Lexington","KY","Kentucky","TRUE","","28738","1256.1","21067","Fayette","{""21067"": 100}","Fayette","21067","FALSE","FALSE","America/New_York"
"40504","38.04181","-84.54133","Lexington","KY","Kentucky","TRUE","","26437","1656.0","21067","Fayette","{""21067"": 100}","Fayette","21067","FALSE","FALSE","America/New_York"
"40505","38.06039","-84.45679","Lexington","KY","Kentucky","TRUE","","26081","1260.5","21067","Fayette","{""21067"": 100}","Fayette","21067","FALSE","FALSE","America/New_York"
"40507","38.04686","-84.49628","Lexington","KY","Kentucky","TRUE","","1907","1709.7","21067","Fayette","{""21067"": 100}","Fayette","21067","FALSE","FALSE","America/New_York"
"40508","38.05004","-84.50018","Lexington","KY","Kentucky","TRUE","","26175","2402.5","21067","Fayette","{""21067"": 100}","Fayette","21067","FALSE","FALSE","America/New_York"
"40509","37.99408","-84.36791","Lexington","KY","Kentucky","TRUE","","44352","358.6","21067","Fayette","{""21067"": 91.52, ""21049"": 8.48}","Fayette|Clark","21067|21049","FALSE","FALSE","America/New_York"
"40510","38.07243","-84.60138","Lexington","KY","Kentucky","TRUE","","2024","34.4","21067","Fayette","{""21067"": 100}","Fayette","21067","FALSE","FALSE","America/New_York"
"40511","38.13278","-84.47392","Lexington","KY","Kentucky","TRUE","","33696","151.2","21067","Fayette","{""21067"": 90.97, ""21209"": 4.88, ""21017"": 4.15}","Fayette|Scott|Bourbon","21067|21209|21017","FALSE","FALSE","America/New_York"
"40513","38.01626","-84.60694","Lexington","KY","Kentucky","TRUE","","10850","285.2","21067","Fayette","{""21067"": 100}","Fayette","21067","FALSE","FALSE","America/New_York"
"40514","37.98279","-84.56352","Lexington","KY","Kentucky","TRUE","","17047","2204.9","21067","Fayette","{""21067"": 100}","Fayette","21067","FALSE","FALSE","America/New_York"
"40515","37.92021","-84.4152","Lexington","KY","Kentucky","TRUE","","36251","253.2","21067","Fayette","{""21067"": 85.48, ""21049"": 8.02, ""21113"": 6.5}","Fayette|Clark|Jessamine","21067|21049|21113","FALSE","FALSE","America/New_York"
"40516","38.07366","-84.36631","Lexington","KY","Kentucky","TRUE","","2773","34.9","21067","Fayette","{""21067"": 86.3, ""21017"": 13.7}","Fayette|Bourbon","21067|21017","FALSE","FALSE","America/New_York"
"40517","37.98386","-84.48833","Lexington","KY","Kentucky","TRUE","","37296","2333.1","21067","Fayette","{""21067"": 100}","Fayette","21067","FALSE","FALSE","America/New_York"
"40526","38.0297","-84.50153","Lexington","KY","Kentucky","TRUE","","1832","11577.1","21067","Fayette","{""21067"": 100}","Fayette","21067","FALSE","FALSE","America/New_York"
"40536","38.02979","-84.50732","Lexington","KY","Kentucky","TRUE","","0","0.0","21067","Fayette","{""21067"": 100}","Fayette","21067","FALSE","FALSE","America/New_York"
"40601","38.23294","-84.88327","Frankfort","KY","Kentucky","TRUE","","51377","91.2","21073","Franklin","{""21073"": 88.9, ""21239"": 5.79, ""21211"": 4.38, ""21103"": 0.93}","Franklin|Woodford|Shelby|Henry","21073|21239|21211|21103","FALSE","FALSE","America/New_York"
"40701","36.91759","-84.16651","Corbin","KY","Kentucky","TRUE","","30020","77.0","21235","Whitley","{""21235"": 60.96, ""21125"": 21.47, ""21121"": 17.57}","Whitley|Laurel|Knox","21235|21125|21121","FALSE","FALSE","America/New_York"
"40729","37.2435","-84.14788","East Bernstadt","KY","Kentucky","TRUE","","5747","29.6","21125","Laurel","{""21125"": 100}","Laurel","21125","FALSE","FALSE","America/New_York"
"40734","36.92642","-83.96609","Gray","KY","Kentucky","TRUE","","3655","31.1","21121","Knox","{""21121"": 95.56, ""21125"": 4.44}","Knox|Laurel","21121|21125","FALSE","FALSE","America/New_York"
"40737","37.00838","-84.13902","Keavy","KY","Kentucky","TRUE","","1560","74.5","21125","Laurel","{""21125"": 100}","Laurel","21125","FALSE","FALSE","America/New_York"
"40740","37.02111","-84.03888","Lily","KY","Kentucky","TRUE","","4060","103.7","21125","Laurel","{""21125"": 100}","Laurel","21125","FALSE","FALSE","America/New_York"
"40741","37.13349","-84.11636","London","KY","Kentucky","TRUE","","25327","47.1","21125","Laurel","{""21125"": 96.95, ""21051"": 3.05}","Laurel|Clay","21125|21051","FALSE","FALSE","America/New_York"
"40744","37.03841","-84.08864","London","KY","Kentucky","TRUE","","17938","66.7","21125","Laurel","{""21125"": 97.76, ""21051"": 2.24}","Laurel|Clay","21125|21051","FALSE","FALSE","America/New_York"
"40759","36.82034","-84.0571","Rockholds","KY","Kentucky","TRUE","","2254","17.7","21235","Whitley","{""21235"": 84.49, ""21121"": 15.51}","Whitley|Knox","21235|21121","FALSE","FALSE","America/New_York"
